Ticker,currentRatio,quickRatio,operatingCashFlow,freeCashflow,cashConversionCycle,Score
MMM,0.018315688278691566,0.11461093100123398,0.0,0.8214966905191615,0.0,0.9544233097990871
AOS,0.025449845494179005,-0.04420026030798209,0.0,-0.2900348127184002,0.0,-0.3087852275322033
ABT,-0.012166619823845906,-0.09435116282668181,0.0,0.25625153745312973,0.0,0.149733754802602
ABBV,-0.44021605275309617,-0.27990950214587096,0.0,2.756602198579714,0.0,2.036476643680747
ACN,-0.23008269476964607,0.05860908985535243,0.0,0.772192631788508,0.0,0.6007190268742144
ADBE,-0.3669288013576337,-0.106053040081045,0.0,0.5356014148943823,0.0,0.06261957345570357
AMD,0.6642811961537418,0.5492520861632987,0.0,-0.03604124229945831,0.0,1.1774920400175821
AES,-0.5426884927573713,-0.5197979858603182,0.0,-1.19376598113094,0.0,-2.2562524597486293
AFL,-0.05432300336990854,0.25252591292765836,0.0,0.2821867186837904,0.0,0.48038962824154025
A,0.6928178250156919,0.6888387648403462,0.0,-0.21513695255405377,0.0,1.1665196373019844
APD,-0.079616833497546,0.12464111150497395,0.0,-0.7132516599550929,0.0,-0.668227381947665
ABNB,-0.11204482084067105,-0.21805672237280782,0.0,0.05455917492342663,0.0,-0.2755423682900522
AKAM,1.0573084027524173,1.586539919925072,0.0,-0.2773438835151453,0.0,2.366504439162344
ALB,0.793993145526242,0.4890710031408589,0.0,-0.6821357745398976,0.0,0.6009283741272032
ARE,0.8997083842648295,1.4912532051395426,0.0,-0.1562452094916689,0.0,2.234716379912703
ALGN,-0.25213372616297114,-0.03417007980424213,0.0,-0.28710183883570034,0.0,-0.5734056448029137
ALLE,-0.2008975061608336,-0.1996680581159513,0.0,-0.29452618526900365,0.0,-0.6950917495457886
LNT,-0.6853716370671213,-0.691146902799209,0.0,-0.4909673825883098,0.0,-1.86748592245464
ALL,-0.8021123915023713,-0.6869676609226507,0.0,0.6566267144700378,0.0,-0.8324533379549842
GOOGL,0.34648692019111677,0.7724236023715125,0.0,6.894732979972517,0.0,8.013643502535146
GOOG,0.34648692019111677,0.7724236023715125,0.0,6.894732979972517,0.0,8.013643502535146
MO,-0.7392020960567088,-0.5891734010111862,0.0,1.4191402409233271,0.0,0.09076474385543198
AMZN,-0.3520119271797961,-0.1913095743628347,0.0,7.184920854461592,0.0,6.641599352918961
AMCR,-0.21386870109808362,-0.3726886718054655,0.0,-0.2506765155607917,0.0,-0.8372338884643409
AEE,-0.6613749264332088,-0.6585488161620542,0.0,-0.5091565326579506,0.0,-1.8290802752532136
AAL,-0.6698062031424215,-0.5106036537318898,0.0,-0.30363227505679563,0.0,-1.4840421319311068
AEP,-0.6996399514980963,-0.6577129677867425,0.0,-0.45149396737201614,0.0,-1.808846886656855
AXP,0.004047373847716545,0.46817479375806736,0.0,-0.34989455706707223,0.0,0.12232761053871166
AIG,-0.5206374613640462,-0.6995053865523256,0.0,0.5186621396855096,0.0,-0.7014807082308623
AMT,-0.6574835679520339,-0.44122823858102184,0.0,0.2888275693277827,0.0,-0.809884237205273
AWK,-0.49274939224895875,-0.28910383427429925,0.0,-0.4753766849344162,0.0,-1.2572299114576744
AMP,0.9684557174322547,0.9880724832019218,0.0,0.10961998703810029,0.0,2.066148187672277
AME,-0.32801521654588367,-0.3818830039338938,0.0,-0.19405770474221162,0.0,-0.9039559252219891
AMGN,-0.12501601577792107,-0.18545863573565305,0.0,0.15570136322737543,0.0,-0.15477328828619868
APH,0.2868194234797667,0.2057184039102052,0.0,-0.11341913606535313,0.0,0.37911869132461873
ADI,-0.06729419830715856,-0.16957751660473144,0.0,0.043541050931860135,0.0,-0.19333066398002988
ANSS,0.7712935543860544,1.3717268874699746,0.0,-0.2612299908514574,0.0,1.8817904510045715
AON,-0.1970061476796586,-0.48803574759847496,0.0,0.01850977149425319,0.0,-0.6665321237838804
APA,-0.29234443046844616,-0.22474350937530113,0.0,-0.18902088655312835,0.0,-0.7061088263968757
AAPL,-0.3747115183199837,-0.15286054909849817,0.0,10.79737492945039,0.0,10.269802862031908
AMAT,0.768050755651742,0.6136124110622967,0.0,0.27583855748279246,0.0,1.657501724196831
APTV,-0.20997734261690862,-0.1745926068566014,0.0,-0.21059788324424894,0.0,-0.595167832717759
ACGL,0.11235685157375414,-0.1428303685947582,0.0,-0.21148596330360342,0.0,-0.24195948032460748
ADM,-0.09388514792852103,-0.5824866140086928,0.0,0.27379929683658644,0.0,-0.4025724651006274
ANET,2.1994221169772805,2.181663963146976,0.0,-0.1493991225852042,0.0,4.231686957539052
AJG,-0.36887448059822114,-0.7596864695747654,0.0,-0.0022399901868534614,0.0,-1.13080094035984
AIZ,-0.7891411965651214,-0.770552498453817,0.0,-0.23228507633181564,0.0,-1.791978771350754
T,-0.6068959076967588,-0.5440375887443564,0.0,2.1460650887910235,0.0,0.9951315923499084
ATO,-0.166523839577121,0.0009355519588477415,0.0,-0.553991789437884,0.0,-0.7195800770561572
ADSK,-0.5135033041485588,-0.28408874402242923,0.0,-0.11425786477760205,0.0,-0.9118499129485901
ADP,-0.39027695224468373,-0.7814185273328687,0.0,0.2840302916816885,0.0,-0.887665187895864
AZO,-0.5180432223765963,-0.8023147367156602,0.0,-0.163117483514581,0.0,-1.4834754426068375
AVB,-0.2787246757843336,-0.5390224984924864,0.0,-0.1917471758826712,0.0,-1.0094943501594913
AVY,-0.48107531680543375,-0.45460181258600846,0.0,-0.25364993211882814,0.0,-1.1893270615102702
AXON,0.8380952083128921,1.1092704976221126,0.0,-0.32368458162468094,0.0,1.6236811243103237
BKR,-0.2391625312257211,-0.27573026026931263,0.0,-0.1038147290283919,0.0,-0.6187075205234256
BALL,-0.2612135626190461,-0.14366621697006987,0.0,-0.24210820894332288,0.0,-0.6469879885324389
BAC,-1.0472679758163965,-0.8842278774962031,0.0,-0.34989455706707223,0.0,-2.281390410379672
BK,-1.0472679758163965,-0.8842278774962031,0.0,-0.34989455706707223,0.0,-2.281390410379672
BBWI,0.017018568784966565,-0.03584177655486546,0.0,-0.28272955030257524,0.0,-0.3015527580724741
BAX,-0.08934522970048345,-0.14868130722193984,0.0,-0.14229811967766912,0.0,-0.3803246566000924
BDX,-0.1321501729934085,-0.22975859962717113,0.0,0.16519066483609354,0.0,-0.1967181077844861
BRK.B,-1.0472679758163965,-0.8842278774962031,0.0,-0.34989455706707223,0.0,-2.281390410379672
BBY,-0.4000053484476212,-0.6318016681520809,0.0,-0.274523051116962,0.0,-1.3063300677166643
BIO,3.2111753220827803,2.890463385411266,0.0,-0.333999080532101,0.0,5.767639626961945
TECH,1.5962615523951547,1.197870425405149,0.0,-0.32455761040729914,0.0,2.4695743673930046
BIIB,0.3121132536074043,0.02601100321819765,0.0,-0.2314940317483261,0.0,0.10663022507727582
BLK,0.6798466300784418,0.7908122666283691,0.0,0.2500843115441646,0.0,1.7207432082509755
BX,-0.3539576064203837,-0.04420026030798209,0.0,-0.34989455706707223,0.0,-0.748052423795438
BA,-0.3066127448994212,-0.7028487800535723,0.0,0.05339151581989095,0.0,-0.9560700091331025
BKNG,-0.2586193236315961,0.07365436061096238,0.0,0.4408401595783168,0.0,0.25587519655768304
BWA,-0.04848596564814596,0.053593999603482635,0.0,-0.25773180468852197,0.0,-0.2526237707331853
BXP,-0.4499444489560337,-0.2071906934937562,0.0,-0.21672816932046338,0.0,-0.8738633117702532
BSX,0.03258400270966659,-0.09685870795261681,0.0,-0.13251281102985377,0.0,-0.196787516272804
BMY,-0.3273666567990211,-0.11608322058478497,0.0,1.803826051273309,0.0,1.360376173889503
AVGO,-0.18144071375495857,-0.19381711948876967,0.0,2.1287640103604426,0.0,1.7535061771167144
BR,-0.1431756886900711,0.15974674326806382,0.0,-0.2386693690172753,0.0,-0.2220983144392826
BRO,-0.38184567553547116,-0.6125771555199128,0.0,-0.25790119575655174,0.0,-1.2523240268119358
BF.B,-1.0472679758163965,-0.8842278774962031,0.0,-0.34989455706707223,0.0,-2.281390410379672
BLDR,0.3879947439903168,0.2725862739351381,0.0,-0.1858322556834264,0.0,0.47474876224202855
BG,0.24077168145252917,-0.30414910502990916,0.0,-0.13165762906180475,0.0,-0.19503505263918475
CDNS,-0.1931147891984836,0.02601100321819765,0.0,-0.20877183287957504,0.0,-0.375875618859861
CZR,-0.6030045492155838,-0.46296029633912505,0.0,-0.2771708380392254,0.0,-1.343135683593934
CPT,-0.854645730998234,-0.6552054226608075,0.0,-0.25370719854293067,0.0,-1.7635583522019722
CPB,-0.39416831072585873,-0.557411162749343,0.0,-0.2660040790060095,0.0,-1.217583552481211
COF,-1.0472679758163965,-0.8842278774962031,0.0,-0.34989455706707223,0.0,-2.281390410379672
CAH,-0.4090851849036962,-0.532335711489993,0.0,-0.13002948088293909,0.0,-1.0714503772766282
KMX,0.41847705209285413,-0.5966960363889912,0.0,-0.27934136686930827,0.0,-0.4575603511654453
CCL,-0.8124893474521714,-0.6677431482904824,0.0,-0.40901752563145205,0.0,-1.889250021374106
CARR,-0.167820959070846,-0.4203320291982302,0.0,-0.4231445445122707,0.0,-1.011297532781347
CTLT,0.5773741900741668,0.3687088370959795,0.0,-0.33356379024113064,0.0,0.6125192369290158
CAT,-0.17236087729888358,-0.25650574763714434,0.0,0.5901852678373365,0.0,0.1613186429013086
CBOE,-0.1827378332486836,-0.47967726384535836,0.0,-0.26315071900948656,0.0,-0.9255658161035285
CBRE,-0.3033699461651086,-0.08850022419950017,0.0,-0.2416195708228856,0.0,-0.6334897411874943
CDW,-0.22943413502278365,0.020160064591016096,0.0,-0.16516940828398222,0.0,-0.3744434787157498
CE,-0.26445636135335854,-0.3225377692867657,0.0,-0.171325098389239,0.0,-0.7583192290293633
COR,-0.47199548034935873,-0.4671395382156834,0.0,0.002127178807107638,0.0,-0.9370078397579344
CNC,-0.2865073927466836,0.045235515850366004,0.0,-0.12086912650609712,0.0,-0.3621410034024147
CNP,-0.23656829223827108,-0.4186603324476069,0.0,-0.7640184585959646,0.0,-1.4192470832818427
CF,1.5087059865687173,1.9116849379213092,0.0,-0.17097974842333089,0.0,3.2494111760666957
CHRW,-0.156146883627321,0.1998674652830235,0.0,-0.30575972986945515,0.0,-0.2620391482137526
CRL,0.08576590195239167,0.09120717649250741,0.0,-0.31090897162292674,0.0,-0.13393589317802768
SCHW,-0.7651444859312089,-0.5206338342356298,0.0,-0.34989455706707223,0.0,-1.6356728772339109
CHTR,-0.7865469575776713,-0.6042186717667961,0.0,0.0728798836771106,0.0,-1.317885745667357
CVX,-0.2495394871755211,-0.20886239024437953,0.0,1.5937627369927914,0.0,1.1353608595728908
CMG,0.022855606506729,0.3812465627256544,0.0,-0.21899479476355466,0.0,0.18510737446882874
CB,-0.7956267940337465,-0.7304317764388573,0.0,1.1067999857469248,0.0,-0.4192585847256789
CHD,-0.1827378332486836,-0.23393784150372943,0.0,-0.2663856278187367,0.0,-0.6830613025711497
CI,-0.5089633859205213,-0.40277921331668537,0.0,0.15570136322737543,0.0,-0.7560412360098312
CINF,-0.3980596692070338,-0.21722087399749618,0.0,-0.055628296010299734,0.0,-0.6709088392148297
CTAS,0.49565566196949185,0.02851854834413273,0.0,-0.17044492498658684,0.0,0.35372928532703773
CSCO,-0.4668070023744587,-0.31417928553364904,0.0,1.5042806022654525,0.0,0.7232943143573447
C,-1.0472679758163965,-0.8842278774962031,0.0,-0.34989455706707223,0.0,-2.281390410379672
CFG,-1.0472679758163965,-0.8842278774962031,0.0,-0.34989455706707223,0.0,-2.281390410379672
CLX,-0.4635642036401462,-0.48051311222067,0.0,-0.27745041708340656,0.0,-1.2215277329442227
CME,-0.39027695224468373,-0.865003364864035,0.0,-0.03637013900956637,0.0,-1.291650456118285
CMS,0.26930831031447905,-0.4437357837069568,0.0,-0.5268358675660398,0.0,-0.7012633409585176
KO,-0.3734143988262587,-0.26068498951370267,0.0,1.0720497664241517,0.0,0.43795037808419035
CTSH,0.47879310855106694,0.7991707503814856,0.0,-0.11123182979812507,0.0,1.1667320291344274
CL,-0.3591460843952837,-0.39274903281294543,0.0,0.01888804481235084,0.0,-0.7330070723958783
CMCSA,-0.6613749264332088,-0.4763338703441117,0.0,2.6760338551604668,0.0,1.5383250583831463
CMA,-1.0472679758163965,-0.8842278774962031,0.0,-0.34989455706707223,0.0,-2.281390410379672
CAG,-0.43308189553760873,-0.644339393781756,0.0,-0.2222530867311246,0.0,-1.2996743760504892
COP,-0.171712317552021,0.06278833173191084,0.0,0.39005527414447744,0.0,0.2811312883243673
ED,-0.4064909459162462,-0.33006040466457065,0.0,-0.6344084328282189,0.0,-1.3709597834090357
STZ,-0.27742755629060856,-0.5565753143740313,0.0,-0.2336862638879406,0.0,-1.0676891345525805
CEG,-0.12047609754988349,-0.3517924624226739,0.0,-0.4723012986078337,0.0,-0.9445698585803911
COO,0.15840459360099163,-0.20301145161719797,0.0,-0.3317415847935139,0.0,-0.37634844280972024
CPRT,3.728726000079056,4.955844720806385,0.0,-0.27574978700795594,0.0,8.408820933877486
GLW,0.03582680144397902,-0.28659628914836427,0.0,-0.30685566911307416,0.0,-0.5576251568174594
CPAY,-0.35330904667352114,-0.26570007976557264,0.0,-0.21007116013098476,0.0,-0.8290802865700786
CTVA,-0.06469995931970855,-0.1771001519825364,0.0,-0.023065433476522613,0.0,-0.26486554477876756
CSGP,4.848788682910595,6.625033926303775,0.0,-0.34589899567543464,0.0,11.127923613538934
COST,-0.4460530904748587,-0.5682771916283946,0.0,0.1704204424980093,0.0,-0.843909839605244
CTRA,-0.079616833497546,0.297661725194488,0.0,-0.2652311212154875,0.0,-0.04718622951854545
CCI,-0.7761700016278714,-0.6593846645373658,0.0,-0.14858043417428804,0.0,-1.5841351003395252
CSX,-0.3027213864182462,-0.08682852744887684,0.0,-0.04531670210454344,0.0,-0.4348666159716664
CMI,-0.18014359426123358,-0.27489441189400093,0.0,0.20148671553696398,0.0,-0.25355129061827053
CVS,-0.5219345808577712,-0.4295263613266585,0.0,0.7504669242730859,0.0,-0.20099401791134386
DHR,0.1512704363855042,0.23413724867080177,0.0,0.289768284649167,0.0,0.6751759697054729
DRI,-0.7969239135274714,-0.7697166500785053,0.0,-0.25171095718223263,0.0,-1.8183515207882093
DVA,-0.12242177679047107,0.1990316169077119,0.0,-0.2757368702759205,0.0,-0.19912703015867966
DAY,-0.3520119271797961,-0.8048222818415952,0.0,-0.32969571842613327,0.0,-1.4865299274475245
DECK,0.8050186612229044,0.9161895229251185,0.0,-0.23844890044173106,0.0,1.482759283706292
DE,0.2576342348709542,0.6177916529388549,0.0,0.09383193451755252,0.0,0.9692578223273617
DAL,-0.7833041588433589,-0.6435035454064442,0.0,-0.4253976301215204,0.0,-1.8522053343713234
DVN,-0.37276583907939614,-0.16874166822941977,0.0,-0.11894495444754485,0.0,-0.6604524617563607
DXCM,0.8322581705911296,1.1510629163876958,0.0,-0.28090570184495955,0.0,1.702415385133866
FANG,-0.4505930087028962,-0.1587114877256798,0.0,-0.23051385892608245,0.0,-0.8398183553546584
DLR,-0.38184567553547116,-0.10187379820448669,0.0,-0.1678039332421283,0.0,-0.6515234069820861
DFS,-0.3364464932550961,0.02851854834413273,0.0,-0.34989455706707223,0.0,-0.6578225019780356
DG,-0.2748333173031586,-0.8031505850909718,0.0,-0.3200965972291559,0.0,-1.3980804996232863
DLTR,-0.20024894641397104,-0.7621940147007004,0.0,-0.2740214541630159,0.0,-1.2364644152776874
D,-0.36628024161077116,-0.7404619569425972,0.0,-1.752597227335131,0.0,-2.859339425888499
DPZ,0.09095437992729152,-0.08097758882169519,0.0,-0.29496660878211683,0.0,-0.2849898176765205
DOV,-0.19765470742652103,-0.1913095743628347,0.0,-0.21185295342683305,0.0,-0.6008172352161888
DOW,0.12013956853610415,-0.09184361770074682,0.0,-0.020154503925288773,0.0,0.008141446910068552
DHI,2.652116820287305,-0.3860622458104521,0.0,-0.18631059578347295,0.0,2.0797439786933802
DTE,-0.5582539266820713,-0.5298281663640582,0.0,-0.5129719871040442,0.0,-1.6010540801501736
DUK,-0.5426884927573713,-0.6501903324089375,0.0,-0.779872290458534,0.0,-1.972751115624843
DD,0.4645247941200918,0.2934824833179298,0.0,-0.008823279696429456,0.0,0.7491839977415921
EMN,-0.14576992767752112,-0.3150151339089607,0.0,-0.29774464503260106,0.0,-0.7585297066190828
ETN,-0.03746044995148352,-0.07011155994264356,0.0,-0.022621380816403355,0.0,-0.13019339071053043
EBAY,0.24271736069311675,0.6186275013141667,0.0,-0.13512769986081163,0.0,0.7262171621464718
ECL,-0.1340958522339961,-0.10856058520698,0.0,-0.1015123173329207,0.0,-0.3441687547738968
EIX,-0.4013024679413462,-0.4972300797269032,0.0,-0.5014598612643308,0.0,-1.3999924089325804
EW,1.3880738736522924,1.0532686564762312,0.0,-0.26148968957990476,0.0,2.179852840548619
EA,-0.156146883627321,0.1513882595149472,0.0,-0.1022030341053263,0.0,-0.1069616582177001
ELV,-0.15549832388045853,0.13885053388527213,0.0,-0.38425001613476906,0.0,-0.40089780612995546
LLY,-0.169118078564571,-0.32086607253614235,0.0,-0.5120148353674493,0.0,-1.0019989864681627
EMR,-0.2852102732529586,-0.21387748049624952,0.0,-0.06348941575897346,0.0,-0.5625771695081816
ENPH,1.6481463321441547,2.185007356648223,0.0,-0.317346467940307,0.0,3.515807220852071
ETR,-0.5991131907344088,-0.5707847367543296,0.0,-0.5662936715560012,0.0,-1.7361915990447396
EOG,0.45933631614519177,0.6771368875859831,0.0,0.04993788143609479,0.0,1.1864110851672698
EPAM,1.9892887589938304,2.8938067789125124,0.0,-0.2736711193826586,0.0,4.609424418523684
EQT,-0.4745897193368087,-0.4671395382156834,0.0,-0.316020780956409,0.0,-1.257750038508901
EFX,-0.5712251216193213,-0.3726886718054655,0.0,-0.268857447422827,0.0,-1.212771240847614
EQIX,-0.3370950530019587,-0.11357567545884999,0.0,-0.012044109772978621,0.0,-0.4627148382337873
EQR,-0.8475115737827464,-0.8123449172194002,0.0,-0.18058873610059675,0.0,-1.8404452271027432
ESS,-0.4700498011087712,-0.35847924942516723,0.0,-0.2542229247513459,0.0,-1.0827519752852843
EL,-0.025137814761095927,-0.026647444426437062,0.0,-0.5080382164812258,0.0,-0.5598234756687588
ETSY,0.5644029951369168,0.6838236745884763,0.0,-0.27499120266044863,0.0,0.9732354670649446
EG,-0.02902917324227093,0.09538641836906563,0.0,-0.3567936071007908,0.0,-0.2904363619739961
EVRG,-0.6756432408641839,-0.8215392493478284,0.0,-0.4547667001449582,0.0,-1.9519491903569706
ES,-0.5498226499728588,-0.6150847006458476,0.0,-0.7725038253108588,0.0,-1.9374111759295651
EXC,-0.3792514365480212,-0.4328697548279052,0.0,-0.7115231755448486,0.0,-1.5236443669207749
EXPE,-0.5329600965544338,-0.3726886718054655,0.0,-0.11920808865622065,0.0,-1.0248568570161198
EXPD,0.15062187663864163,0.46232385513088564,0.0,-0.2709744863309703,0.0,0.34197124543855695
EXR,-0.002438223620908464,-0.5950243396383679,0.0,-0.16316785371734258,0.0,-0.7606304169766189
XOM,-0.1509584056524211,-0.02748329280174882,0.0,3.128196943113213,0.0,2.949755244659043
FFIV,-0.20478886464200863,0.06028078660597576,0.0,-0.25862454959112785,0.0,-0.40313262762716073
FDS,0.11365397106747914,0.4288899201184191,0.0,-0.2741722111189241,0.0,0.2683716800669741
FICO,0.2731996687956542,0.7197651547268779,0.0,-0.2949505218091352,0.0,0.6980143017133968
FAST,2.08786984051693,1.016491327962518,0.0,-0.22027464587337503,0.0,2.884086522606073
FRT,-0.3403378517362711,0.026846851593509403,0.0,-0.34989455706707223,0.0,-0.6633855572098339
FDX,-0.19830326717338362,0.09204302486781897,0.0,0.08590503542685718,0.0,-0.02035520687870747
FIS,-0.06275428007912098,0.027682699968820976,0.0,0.01888804481235084,0.0,-0.01618353529794917
FITB,-1.0472679758163965,-0.8842278774962031,0.0,-0.34989455706707223,0.0,-2.281390410379672
FSLR,0.5170581336159543,0.508295515773027,0.0,-0.4689611276948185,0.0,0.5563925216941628
FE,-0.6270012598494963,-0.5432017403690448,0.0,-0.15464897422963145,0.0,-1.3248519744481726
FI,-0.36238888312959616,-0.7563430760735187,0.0,0.16997642351906875,0.0,-0.9487555356840461
FMC,-0.09842506615655847,-0.12277000758727828,0.0,-0.29199187444796326,0.0,-0.5131869481918
F,-0.2897501914809962,-0.09267946607605848,0.0,-0.5808277232713889,0.0,-0.9632573808284435
FTNT,-0.26899627958139616,9.970358353617072e-05,0.0,-0.1494783912392994,0.0,-0.4183749672371594
FTV,-0.07248267628205857,-0.03166253467830704,0.0,-0.20651108480216873,0.0,-0.31065629576253434
FOXA,1.0527684845243797,1.4803871762604912,0.0,-0.263487859188084,0.0,2.2696678015967873
FOX,1.0527684845243797,1.4803871762604912,0.0,-0.263487859188084,0.0,2.2696678015967873
BEN,2.284383443816268,0.33527490208351296,0.0,-0.46965516206332714,0.0,2.1500031838364535
FCX,0.4794416682979294,0.10290905374687069,0.0,-0.3752212246521176,0.0,0.2071294973926825
GRMN,1.5748590807486926,1.2873062015634968,0.0,-0.22722250888160817,0.0,2.6349427734305815
IT,-0.4544843671840712,-0.2322661447531061,0.0,-0.20823751466051166,0.0,-0.894988026597689
GE,-0.2910473109747212,-0.28659628914836427,0.0,0.45781237497996835,0.0,-0.11983122514311711
GEHC,-0.36109176363587114,-0.27322271514337765,0.0,-0.114553905497878,0.0,-0.7488683842771268
GEV,-0.4045452666756587,-0.37101697505484216,0.0,-0.34989455706707223,0.0,-1.125456798797573
GEN,-0.7145568256759339,-0.5106036537318898,0.0,-0.2495417461282668,0.0,-1.4747022255360904
GNRC,0.43598816525814177,-0.16706997147879646,0.0,-0.28854994848391635,0.0,-0.019631754704571014
GD,-0.11269338058753348,-0.2531623541358977,0.0,-0.25253489985702765,0.0,-0.6183906345804588
GIS,-0.6198671026340088,-0.6050545201421077,0.0,-0.10066698710964452,0.0,-1.3255886098857612
GM,-0.2949386694558962,-0.14700961047131653,0.0,-0.6133576792935659,0.0,-1.0553059592207785
GPC,-0.31115266312745865,-0.5482168306209146,0.0,-0.23216731009045438,0.0,-1.0915368038388278
GILD,-0.34747200895175867,-0.19548881623939302,0.0,0.8192436891128586,0.0,0.27628286392170687
GPN,-0.4505930087028962,-0.6284582746508343,0.0,-0.08211382770109002,0.0,-1.1611651110548205
GL,-0.719745303650834,-0.5783073721321346,0.0,-0.17471344180810486,0.0,-1.4727661175910733
GS,-0.043297487673245955,0.312706995950098,0.0,-0.34989455706707223,0.0,-0.08048504879022017
HAL,0.3302729265195543,0.20237501040895856,0.0,-0.09095404247428868,0.0,0.4416938944542242
HIG,0.1953724991721541,-0.025811596051125492,0.0,0.32795560089698955,0.0,0.49751650401801817
HAS,-0.32542097755843363,-0.32337361766207734,0.0,-0.22403253076475782,0.0,-0.8728271259852688
HCA,-0.2929929902153086,-0.15787563935036814,0.0,0.14805405160115598,0.0,-0.30281457796452077
DOC,0.4126400143710917,0.29181078656730647,0.0,-0.2686725630125904,0.0,0.4357782379258078
HSIC,0.08576590195239167,-0.23895293175559942,0.0,-0.29093604948818846,0.0,-0.4441230792913962
HSY,-0.41751646161290873,-0.47048293171693006,0.0,-0.2562869663247882,0.0,-1.144286359654627
HES,-0.2508366066692461,0.0017714003341594978,0.0,-0.37257343772985424,0.0,-0.6216386440649408
HPE,-0.4674555621213212,-0.47215462846755335,0.0,-0.11958634513372894,0.0,-1.0591965357226034
HLT,-0.5005321092113088,-0.2615208378890143,0.0,-0.1519682892160626,0.0,-0.9140212363163855
HOLX,1.5268656594808674,1.5982417971794356,0.0,-0.25294933834076566,0.0,2.8721581183195375
HD,-0.1788464747675086,-0.5966960363889912,0.0,1.5868225280324202,0.0,0.8112800168759204
HON,0.03193544296280401,0.11293923425061066,0.0,0.23903270846095986,0.0,0.38390738567437455
HRL,-0.08156251273813343,-0.24313217363215775,0.0,-0.2518351144272542,0.0,-0.5765298007975455
HST,3.082111932457143,4.430931941110661,0.0,-0.20285187734411303,0.0,7.310191996223691
HWM,0.22844904626214174,-0.22641520612592447,0.0,-0.27848650908260436,0.0,-0.2764526689463871
HPQ,-0.5887362347846088,-0.5841583107593162,0.0,0.05128644215048458,0.0,-1.1216081033934404
HUBB,0.026098405241041577,-0.09936625307855179,0.0,-0.27863781335766663,0.0,-0.35190566119517686
HUM,0.033232562456529016,0.24249573242391842,0.0,-1.247297297239191,0.0,-0.9715690023587435
HBAN,-1.0472679758163965,-0.8842278774962031,0.0,-0.34989455706707223,0.0,-2.281390410379672
HII,-0.4240020590815337,-0.16706997147879646,0.0,-0.2991754383448125,0.0,-0.8902474689051427
IBM,-0.3130983423680462,-0.07763419532044855,0.0,1.1009452538140359,0.0,0.7102127161255412
IEX,1.1416211698445422,1.036551688969998,0.0,-0.2752581849437921,0.0,1.9029146738707483
IDXX,-0.02902917324227093,-0.03166253467830704,0.0,-0.25344399697189746,0.0,-0.31413570489247544
ITW,-0.1944119086922086,-0.16038318447630315,0.0,0.0023599157519972064,0.0,-0.35243517741651453
ILMN,0.08900870068670409,0.11293923425061066,0.0,-0.25778113919503814,0.0,-0.055833204257723396
INCY,1.2045314652902048,1.8665491256544793,0.0,-0.22122548238896184,0.0,2.8498551085557224
IR,0.45933631614519177,0.4798766710124305,0.0,-0.2043681871690705,0.0,0.7348447999885518
PODD,1.3802911566899423,1.1870043965260975,0.0,-0.3431862793346437,0.0,2.224109273881396
INTC,-0.03162341222972093,-0.06175307618952693,0.0,-2.3017090284364747,0.0,-2.3950855168557226
ICE,-0.3948168704727212,-0.8583165778615417,0.0,0.6748322672737106,0.0,-0.5783011810605523
IFF,0.0403667196720166,-0.25399820251120936,0.0,-0.08972060402873139,0.0,-0.30335208686792414
IP,0.039718159925154026,0.04439966747505425,0.0,-0.24625256851981933,0.0,-0.16213474111961107
IPG,-0.3584975246484211,-0.057573834312968614,0.0,-0.27263341910717737,0.0,-0.6887047780685671
INTU,-0.2858588329998212,-0.542365891993733,0.0,0.18642230314101135,0.0,-0.6418024218525428
ISRG,2.5528871790173433,2.799355912502295,0.0,-0.2802462201556606,0.0,5.071996871363977
IVZ,3.067843618026168,-0.12862094621445994,0.0,-0.25505441201017204,0.0,2.684168259801536
INVH,2.3635077329334933,2.157424360262938,0.0,-0.22623400838792831,0.0,4.294698084808503
IQV,-0.4791296375648462,-0.23143029637779444,0.0,-0.12933874726994413,0.0,-0.8398986812125848
IRM,-0.49274939224895875,-0.2832528956471176,0.0,-0.4057836062068265,0.0,-1.181785894102903
JBHT,-0.22813701552905866,-0.1612190328516148,0.0,-0.36473929029010665,0.0,-0.75409533867078
JBL,-0.2910473109747212,-0.38940563931169875,0.0,-0.18206427485872514,0.0,-0.8625172251451451
JKHY,-0.14382424843693353,-0.17375675848128977,0.0,-0.30729240453711854,0.0,-0.6248734114553418
J,-0.2891016317341336,0.056101544729417537,0.0,-0.23707147495718636,0.0,-0.4700715619619025
JNJ,-0.28845307198727116,-0.17793600035784807,0.0,2.846988740317787,0.0,2.380599667972668
JCI,-0.48107531680543375,-0.4211678775735419,0.0,-0.11647806071584091,0.0,-1.0187212550948166
JPM,-1.0472679758163965,-0.8842278774962031,0.0,-0.34989455706707223,0.0,-2.281390410379672
JNPR,0.08382022271180409,-0.030826686302995475,0.0,-0.24309825035092875,0.0,-0.19010471394212014
K,-0.6425666937741963,-0.5941884912630562,0.0,-0.30685566911307416,0.0,-1.5436108541503266
KVUE,-0.4058423861693837,-0.4345414515785285,0.0,-0.07455750577915699,0.0,-0.9149413435270692
KDP,-0.717151064663384,-0.6735940869176641,0.0,-0.29781042858476997,0.0,-1.688555580165818
KEY,-1.0472679758163965,-0.8842278774962031,0.0,-0.34989455706707223,0.0,-2.281390410379672
KEYS,0.2018580966407791,0.12464111150497395,0.0,-0.23107301701444485,0.0,0.09542619113130821
KMB,-0.5193403418703213,-0.49137914109972164,0.0,-0.09207237549160283,0.0,-1.1027918584616458
KIM,-0.07767115425695843,0.36118620171817445,0.0,-0.2404238889786628,0.0,0.04309115848255324
KMI,-0.7203938633976964,-0.6058903685174194,0.0,-0.38198048569001397,0.0,-1.7082647176051298
KLAC,0.33870420322876676,0.24165988404860667,0.0,-0.023302616337001966,0.0,0.5570614709403715
KHC,-0.34228353097685865,-0.46045275121319007,0.0,-0.005188743701779194,0.0,-0.807925025891828
KR,-0.5245288198452213,-0.6752657836682874,0.0,0.0993577697403336,0.0,-1.1004368337731751
LHX,-0.4116794238911462,-0.3701811266795305,0.0,-0.16663802555988558,0.0,-0.9484985761305623
LH,-0.4784810778179837,-0.39609242631419206,0.0,-0.21148760526106555,0.0,-1.0860611093932413
LRCX,0.7810219505889919,0.6019105338079334,0.0,0.14063186497343752,0.0,1.5235643493703628
LW,-0.2761304367968836,-0.5164545923590715,0.0,-0.393691599933549,0.0,-1.1862766290895042
LVS,-0.20284318540142104,0.16894107539649203,0.0,-0.14443608301808628,0.0,-0.1783381930230153
LDOS,-0.174306556539471,0.022667609716950993,0.0,-0.2212054841891025,0.0,-0.37284443101162246
LEN,7.151175784272471,2.1766488728951057,0.0,0.2655420190639198,0.0,9.593366676231497
LIN,-0.4564300464246587,-0.2991340147780392,0.0,0.06913022541362783,0.0,-0.6864338357890701
LYV,-0.4505930087028962,-0.23644538662966444,0.0,-0.24859648384775654,0.0,-0.9356348791803172
LKQ,0.05593215359671662,-0.4094660003191787,0.0,-0.25365321603375246,0.0,-0.6071870627562146
LMT,-0.20608598413573362,0.017652519465081014,0.0,0.32701818633111884,0.0,0.13858472166046623
L,-0.7294736998537714,-0.47466217359348833,0.0,-0.19885552128716522,0.0,-1.402991394734425
LOW,-0.25278228590983354,-0.834912823352815,0.0,0.28126574053313047,0.0,-0.8064293687295181
LULU,0.5669972341243668,0.32942396345633124,0.0,-0.1543451026353053,0.0,0.7420760949453926
LYB,0.3244358887977919,0.01263742921321103,0.0,-0.16104642783567225,0.0,0.17602689017533069
MTB,-1.0472679758163965,-0.8842278774962031,0.0,-0.34989455706707223,0.0,-2.281390410379672
MRO,-0.6925057942826087,-0.493050837850345,0.0,-0.1803867837530486,0.0,-1.3659434158860022
MPC,-0.11658473906870849,-0.08850022419950017,0.0,0.6230441542508003,0.0,0.4179591909825916
MKTX,11.527656956100623,12.680755405436772,0.0,-0.33835872073008344,0.0,23.87005364080731
MAR,-0.7735757626404215,-0.5590828594999663,0.0,-0.02390416218877153,0.0,-1.3565627843291592
MMC,-0.30726130464628365,-0.47884141547004666,0.0,0.18722815902283882,0.0,-0.5988745610934915
MLM,1.0034779437628296,1.0825233496121396,0.0,-0.10603822572214439,0.0,1.9799630676528248
MAS,0.07928030448376666,-0.029154989552372147,0.0,-0.23115524961226652,0.0,-0.181029934680872
MA,-0.3403378517362711,-0.2966264696521042,0.0,1.1045797224463285,0.0,0.4676154010579532
MTCH,0.5151124543753667,0.9621611835672601,0.0,-0.24707973616747586,0.0,1.2301939017751509
MKC,-0.6068959076967588,-0.6744299352929758,0.0,-0.23896868523218087,0.0,-1.5202945282219156
MCD,-0.5089633859205213,-0.35764340104985554,0.0,0.48076912957725937,0.0,-0.3858376573931175
MCK,-0.4531872476903462,-0.46546784146506004,0.0,0.17333137204924315,0.0,-0.7453237171061631
MDT,0.44377088222049177,0.33527490208351296,0.0,0.3748099601376707,0.0,1.1538557444416755
MRK,-0.23462261299768367,-0.2782378053952476,0.0,0.9123438560572795,0.0,0.39948343766434824
META,0.691520705521967,1.2438420860472903,0.0,4.272337422628354,0.0,6.207700214197612
MET,-0.056917242357358545,0.18732973965334862,0.0,-1.1892104669856298,0.0,-1.0587979696896397
MTD,-0.35330904667352114,-0.3517924624226739,0.0,-0.24719950643897043,0.0,-0.9523010155351654
MGM,-0.06923987754774599,0.14553732088776544,0.0,-0.2448717749174036,0.0,-0.16857433157738416
MCHP,-0.27159051856884614,-0.39859997144012704,0.0,-0.34989455706707223,0.0,-1.0200850470760454
MU,1.380939716436805,0.8919499200410803,0.0,-0.7511577720418614,0.0,1.5217318644360238
MSFT,-0.2417567702131711,0.061952483356599086,0.0,7.741219141302039,0.0,7.5614148544454665
MAA,-0.9850062401175965,-0.8457788522318666,0.0,-0.23140880994589388,0.0,-2.062193902295357
MRNA,1.56902204302693,2.2451884396706627,0.0,-0.6070753479563575,0.0,3.207135134741235
MHK,0.14219059992942917,-0.1704133649800431,0.0,-0.25456307097514325,0.0,-0.2827858360257572
MOH,-0.08221107248499601,0.32190132807852634,0.0,-0.28473595074880187,0.0,-0.04504569515527154
TAP,-0.5978160712406838,-0.564933798127148,0.0,-0.21135110386404657,0.0,-1.3741009732318783
MDLZ,-0.5491740902259963,-0.6794450255448458,0.0,0.12124723514664622,0.0,-1.1073718806241957
MPWR,3.0626551400512683,3.084380208483572,0.0,-0.29383869767960685,0.0,5.853196650855234
MNST,2.1384575007722053,2.4675241075035643,0.0,-0.2215307517522045,0.0,4.384450856523564
MCO,-0.1256645755247835,0.20739010066082855,0.0,-0.10559088914710085,0.0,-0.023865364011055795
MS,0.22844904626214174,0.738989667359046,0.0,-0.34989455706707223,0.0,0.6175441565541155
MOS,-0.29623578894962116,-0.5080961086059549,0.0,-0.2757301845619464,0.0,-1.0800620821175224
MSI,-0.27353619780943356,-0.10856058520698,0.0,-0.09911120294323836,0.0,-0.481207985959652
MSCI,-0.4006539081944837,-0.11441152383416164,0.0,-0.2198858640275197,0.0,-0.734951296056165
NDAQ,-0.4051938264225212,-0.7346110183154154,0.0,-0.1793013572473346,0.0,-1.3191062019852713
NTAP,-0.30207282667138363,-0.06091722781421527,0.0,-0.199118655495841,0.0,-0.5621087099814399
NFLX,-0.3546061661672461,-0.13948697509351154,0.0,2.2180835323569674,0.0,1.7239903910962098
NEM,0.3497297189254292,-0.40528675844262035,0.0,-0.8041628870951183,0.0,-0.8597199266123094
NWSA,-0.16717239932398356,0.04439966747505425,0.0,-0.23988801300508403,0.0,-0.36266074485401334
NWS,-0.16717239932398356,0.04439966747505425,0.0,-0.23988801300508403,0.0,-0.36266074485401334
NEE,-0.7158539451696588,-0.6401601519051976,0.0,-2.9602845256222348,0.0,-4.316298622697091
NKE,0.730434290333717,0.5133106060248971,0.0,0.3607158014568315,0.0,1.6044606978154454
NI,-0.6198671026340088,-0.619263942522406,0.0,-0.5681282011574155,0.0,-1.8072592463138304
NDSN,0.37307786981247926,0.1304920501321555,0.0,-0.28228064334257436,0.0,0.22128927660206038
NSC,-0.6043016687093088,-0.43537729995384017,0.0,-0.4161714879823621,0.0,-1.455850456645511
NTRS,-1.0472679758163965,-0.8842278774962031,0.0,-0.34989455706707223,0.0,-2.281390410379672
NOC,-0.3163411411023586,-0.07930589207107187,0.0,-0.11019574621922197,0.0,-0.5058427793926524
NCLH,-0.8909650768225339,-0.7772392854563103,0.0,-0.5079450375003232,0.0,-2.176149399779167
NRG,-0.3922226314852712,-0.5632621013765245,0.0,-0.2148080305830617,0.0,-1.1702927634448574
NUE,1.557347967583405,1.1092704976221126,0.0,0.008885138909476295,0.0,2.6755036041149935
NVDA,1.6578747283470927,1.9451188729337752,0.0,2.2639327778625695,0.0,5.866926379143438
NVR,3.3142963218339188,2.123154576875159,0.0,-0.22260846526799377,0.0,5.214842433441084
NXPI,0.4800902280447918,0.3118711475747864,0.0,-0.06547936715954733,0.0,0.726482008460031
ORLY,-0.5867905555440214,-0.8140166139700235,0.0,-0.16128100040480153,0.0,-1.5620881699188465
OXY,-0.43308189553760873,-0.4529301158353851,0.0,0.18265617478113916,0.0,-0.7033558365918547
ODFL,0.44117664323304173,0.9136819777991834,0.0,-0.25880300089623076,0.0,1.0960556201359943
OMC,-0.4460530904748587,-0.264864231390261,0.0,-0.20257557379456143,0.0,-0.9134928956596811
ON,0.817341296413292,0.5634615085435969,0.0,-0.34896371980388163,0.0,1.031839085153007
OKE,-0.5913304737720588,-0.532335711489993,0.0,-0.24107211694412511,0.0,-1.364738302206177
ORCL,-0.4985864299707213,-0.30665665015584415,0.0,1.2397156171180341,0.0,0.4344725369914687
OTIS,-0.4168679018660462,-0.1888020292368997,0.0,-0.17356174758327797,0.0,-0.7792316786862239
PCAR,2.002908513677943,2.569497609291587,0.0,-0.34482593437245473,0.0,4.227580188597075
PKG,0.5481890014653543,0.44644273599996415,0.0,-0.2480073495103418,0.0,0.7466243879549765
PANW,-0.5089633859205213,-0.2690434732668193,0.0,-0.0531942919496066,0.0,-0.8312011511369471
PARA,-0.20997734261690862,-0.026647444426437062,0.0,1.6314731277500734,0.0,1.3948483407067276
PH,-0.48431811553974624,-0.4997376248528383,0.0,0.1108368206625533,0.0,-0.8732189197300312
PAYX,-0.2456481286943461,-0.5256489244874998,0.0,-0.14807720368317445,0.0,-0.9193742568650204
PAYC,-0.32088105933039607,-0.773060043579752,0.0,-0.31178259403631975,0.0,-1.4057236969464677
PYPL,-0.21840861932612107,-0.6234431843989643,0.0,0.5070019850653634,0.0,-0.33484981865972197
PNR,0.1862926627160791,0.01263742921321103,0.0,-0.29498173584150517,0.0,-0.09605164391221502
PEP,-0.48950659351464626,-0.3509566140473622,0.0,0.49512808968512056,0.0,-0.34533511787688786
PFE,-0.3682259208513587,-0.324209466037389,0.0,0.10596901462823931,0.0,-0.5864663722605084
PCG,-0.4077880654099712,-0.22975859962717113,0.0,-1.2220199767911037,0.0,-1.8595666418282462
PM,-0.4363246942719212,-0.5440375887443564,0.0,0.637911228620688,0.0,-0.34245105439558954
PSX,-0.28715595249354614,-0.26402838301494935,0.0,-0.18788611712060346,0.0,-0.739070452629099
PNW,-0.6691576433955588,-0.7245808378116755,0.0,-0.3498650202521484,0.0,-1.7436035014593827
PNC,-1.0472679758163965,-0.8842278774962031,0.0,-0.34989455706707223,0.0,-2.281390410379672
POOL,0.17267290803196664,-0.4428999353316451,0.0,-0.24932231324896786,0.0,-0.5195493405486464
PPG,-0.04070324868579595,-0.06843986319202024,0.0,-0.16227986628122953,0.0,-0.2714229781590457
PPL,-0.21776005957925865,-0.2096982386196912,0.0,-0.46320672357301335,0.0,-0.8906650217719632
PFG,-0.09907362590342103,-0.5030810183540849,0.0,-0.20546841655282774,0.0,-0.8076230608103337
PG,-0.5971675114938213,-0.549888527371538,0.0,1.2666703949906193,0.0,0.11961435612525984
PGR,-0.833891819098634,-0.683624267421404,0.0,1.3378679608690305,0.0,-0.1796481256510074
PLD,-0.709368347701034,-0.6643997547892359,0.0,0.33998368871336915,0.0,-1.0337844137769006
PRU,-0.27548187705002114,-0.006587083418957138,0.0,-0.10679143792164734,0.0,-0.38886039839062564
PEG,-0.5316629770607088,-0.4303622097019702,0.0,-0.45940772238271965,0.0,-1.4214329091453988
PTC,-0.5537140084540337,-0.35764340104985554,0.0,-0.35711816683287145,0.0,-1.2684755763367606
PSA,-0.6587806874457589,-0.4337056032032168,0.0,-0.06579314102041436,0.0,-1.15827943166939
PHM,2.6767620906680802,-0.32086607253614235,0.0,-0.1627686980684444,0.0,2.1931273200634935
QRVO,0.24271736069311675,0.09538641836906563,0.0,-0.34989455706707223,0.0,-0.011790778004889868
PWR,-0.16328104084280856,0.13717883713464882,0.0,-0.20507432992132552,0.0,-0.23117653362948526
QCOM,0.6714153533692294,0.6612557684550614,0.0,1.1524701821065024,0.0,2.485141303930793
DGX,-0.41816502135977124,-0.23059444800248277,0.0,-0.24674594726616011,0.0,-0.8955054166284142
RL,0.3594581151283668,0.3336032053328897,0.0,-0.2547402929172232,0.0,0.43832102754403324
RJF,0.3198959705697543,0.8668744687817306,0.0,-0.34989455706707223,0.0,0.8368758822844127
RTX,-0.35525472591410867,-0.34594152379549226,0.0,0.5718645927648313,0.0,-0.12933165694476967
O,0.4048572974087417,0.7724236023715125,0.0,-0.07937756874264884,0.0,1.0979033310376054
REG,-0.5381485745293337,-0.37101697505484216,0.0,-0.2789361275575055,0.0,-1.1881016771416815
REGN,2.3706418901489803,2.790161580373866,0.0,0.04873074799111041,0.0,5.209534218513958
RF,-1.0472679758163965,-0.8842278774962031,0.0,-0.34989455706707223,0.0,-2.281390410379672
RSG,-0.7061255489667213,-0.49555838297627985,0.0,-0.12753463177290544,0.0,-1.3292185637159064
RMD,0.9256507741393295,0.2801089093129432,0.0,-0.22413559517161197,0.0,0.9816240882806606
RVTY,0.39642602069952926,0.5049521222717804,0.0,-0.3349903397248246,0.0,0.5663878032464851
RHI,0.1551617948666792,0.109595840749364,0.0,-0.2913455831502768,0.0,-0.026587947534233602
ROK,-0.32671809705215865,-0.3359113432917523,0.0,-0.2200920938847641,0.0,-0.8827215342286752
ROL,-0.5822506373159838,-0.4236754226994769,0.0,-0.281648544451567,0.0,-1.2875746044670278
ROP,-0.7294736998537714,-0.5666054948777712,0.0,-0.08936208472194745,0.0,-1.38544127945349
ROST,0.09873709688964154,0.11711847612716889,0.0,-0.17919509312850296,0.0,0.03666047988830745
RCL,-0.9246901836593839,-0.8106732204687769,0.0,-0.3918481490299238,0.0,-2.1272115531580846
SPGI,-0.44799876971544617,-0.2414604768815344,0.0,0.2649513859140524,0.0,-0.4245078606829282
CRM,-0.3390407322425461,-0.08014174044638353,0.0,1.170133131121149,0.0,0.7509506584322193
SBAC,-0.927284422646834,-0.7513279858216487,0.0,-0.22386146405808718,0.0,-1.90247387252657
SLB,-0.156146883627321,-0.12444170433790161,0.0,0.039675630457149384,0.0,-0.24091295750807318
STX,-0.49339795199582126,-0.5415300436184215,0.0,-0.20813099793283968,0.0,-1.2430589935470824
SRE,-0.6438638132679213,-0.5724564335049529,0.0,-0.9012100503290869,0.0,-2.117530297101961
NOW,-0.3675773611044961,-0.12193415921196661,0.0,0.10055830167429072,0.0,-0.388953218642172
SHW,-0.5407428135167838,-0.5432017403690448,0.0,-0.026438468799664536,0.0,-1.1103830226854932
SPG,-0.6263527001026338,-0.34176228191893393,0.0,-0.09942155816446628,0.0,-1.067536540186034
SWKS,2.316811431159393,1.6433776094462653,0.0,-0.18051999281484862,0.0,3.7796690477908097
SJM,-0.5413913732636463,-0.6042186717667961,0.0,-0.22972280592229824,0.0,-1.3753328509527407
SNA,1.4269874584640423,1.3708910390946631,0.0,-0.23809705842862647,0.0,2.5597814391300786
SOLV,0.12792228549845416,0.11461093100123398,0.0,-0.34989455706707223,0.0,-0.10736134056738408
SO,-0.4505930087028962,-0.5440375887443564,0.0,-0.6753751199432321,0.0,-1.6700057173904845
LUV,-0.3429320907237211,-0.07345495344389022,0.0,-0.3958114764809987,0.0,-0.81219852064861
SWK,-0.34228353097685865,-0.6167563973964709,0.0,-0.1502168005607591,0.0,-1.1092567289340887
SBUX,-0.49015515326150877,-0.413645242195737,0.0,0.022731437796184924,0.0,-0.8810689576610609
STT,-1.0472679758163965,-0.8842278774962031,0.0,-0.34989455706707223,0.0,-2.281390410379672
STLD,0.8140984976789796,0.36369374684410954,0.0,-0.21658660732634313,0.0,0.9612056371967459
STE,0.9379734093297171,0.1973599201570886,0.0,-0.38018151920317067,0.0,0.7551518102836349
SYK,0.06176919131847906,-0.17793600035784807,0.0,-0.0483591903398205,0.0,-0.16452599937918952
SMCI,1.997720035703043,0.9629970319425717,0.0,-0.6388686966001359,0.0,2.321848371045479
SYF,-1.0472679758163965,-0.8842278774962031,0.0,-0.34989455706707223,0.0,-2.281390410379672
SNPS,-0.21127446211063364,0.0026072487094710686,0.0,-0.20184017893859635,0.0,-0.4105073923397589
SYY,-0.1788464747675086,-0.2690434732668193,0.0,-0.18697835883258737,0.0,-0.6348683068669153
TMUS,-0.43891893325937126,-0.2556698992618327,0.0,0.8976412132018564,0.0,0.20305238068065246
TROW,0.1499733168917792,0.6587482233291265,0.0,-0.11841868603019326,0.0,0.6903028541907125
TTWO,-0.43827037351250875,-0.34928491729673894,0.0,-0.19910713653272202,0.0,-0.9866624273419697
TPR,3.2247950767668936,3.9603493058101944,0.0,-0.21735714849229262,0.0,6.967787234084795
TRGP,-0.5926275932657838,-0.411137697069802,0.0,-0.35110332983817666,0.0,-1.3548686201737625
TGT,-0.4596728451589712,-0.6585488161620542,0.0,-0.04298138389747208,0.0,-1.1612030452184974
TEL,-0.10491066362518348,-0.22892275125185946,0.0,-0.08842138624115249,0.0,-0.4222548011181954
TDY,0.12921940499217915,0.10123735699624736,0.0,-0.2521763805502437,0.0,-0.0217196185618172
TFX,0.581265548555342,0.14720901763838878,0.0,-0.3125832630166258,0.0,0.41589130317710493
TER,1.3692656409932797,0.8877706781645222,0.0,-0.3060091305775117,0.0,1.9510271885802901
TSLA,0.06566054979965406,-0.006587083418957138,0.0,-0.43319297894846714,0.0,-0.3741195125677702
TXN,2.1378089410253427,2.189186598524781,0.0,-0.5593000442461952,0.0,3.7676954953039288
TXT,0.12792228549845416,-0.2439680220074694,0.0,-0.23699353670965026,0.0,-0.35303927321866546
TMO,0.052689354862404045,0.11126753749998733,0.0,0.44919470859509936,0.0,0.6131516009574907
TJX,-0.2612135626190461,-0.38940563931169875,0.0,0.11410972184138891,0.0,-0.536509480089356
TSCO,-0.1405814497026211,-0.7964637980884786,0.0,-0.25394455822959827,0.0,-1.1909898060206978
TT,-0.31504402160863365,-0.3016415599039742,0.0,-0.09923125950475195,0.0,-0.7159168410173598
TDG,1.3562944460560298,1.2739326275585101,0.0,-0.10904452353089701,0.0,2.5211825500836427
TRV,-0.8312975801111839,-0.7245808378116755,0.0,1.3578628599728773,0.0,-0.19801555794998205
TRMB,-0.39741110946017116,-0.47967726384535836,0.0,-0.307431272036942,0.0,-1.1845196453424713
TFC,-1.0472679758163965,-0.8842278774962031,0.0,-0.34989455706707223,0.0,-2.281390410379672
TYL,-0.43502757477819626,-0.17626430360722475,0.0,-0.29882634134777286,0.0,-0.9101182197331938
TSN,0.10003421638336654,-0.20802654186906788,0.0,-0.23740468285816935,0.0,-0.34539700834387066
USB,-1.0472679758163965,-0.8842278774962031,0.0,-0.34989455706707223,0.0,-2.281390410379672
UBER,-0.26380780160649614,-0.029154989552372147,0.0,0.07044587961641746,0.0,-0.22251691154245085
UDR,-0.8332432593517713,-0.8725260002418398,0.0,-0.2661867488787459,0.0,-1.971956008472357
ULTA,0.06241775106534163,-0.39274903281294543,0.0,-0.24688039411127777,0.0,-0.5772116758588816
UNP,-0.4473502099685837,-0.31167174040771406,0.0,0.1340257059435171,0.0,-0.6249962444327808
UAL,-0.5576053669352088,-0.3359113432917523,0.0,-0.5280528695963863,0.0,-1.4215695798233474
UPS,-0.3332036945207837,-0.06843986319202024,0.0,0.07672822779421512,0.0,-0.3249153299185888
URI,-0.4674555621213212,-0.2255793577506128,0.0,0.033064385569243675,0.0,-0.6599705343026904
UNH,-0.5173946626297338,-0.25065480900996273,0.0,-0.47226840893682287,0.0,-1.2403178805765194
UHS,-0.15030984590555854,0.087027934615949,0.0,-0.2950724182050359,0.0,-0.3583543294946454
VLO,-0.016057978305020912,-0.04921535055985198,0.0,0.42271678885069763,0.0,0.3574434599858247
VTR,-0.7443905740316088,-0.5457092854949797,0.0,-0.22178437944818924,0.0,-1.5118842389747777
VLTO,0.1402449206888416,0.302676815446358,0.0,-0.23069476053693655,0.0,0.21222697559826303
VRSN,-0.5193403418703213,-0.24229632525684608,0.0,-0.26033518297665553,0.0,-1.0219718501038229
VRSK,-0.3377436127488211,-0.10020210145386346,0.0,-0.2596165024056255,0.0,-0.6975622166083101
VZ,-0.5880876750377463,-0.4437357837069568,0.0,0.9578331171248241,0.0,-0.07399034161987894
VRTX,1.2233396979492173,1.750366201486158,0.0,0.08541494059544066,0.0,3.059120840030816
VTRS,0.03258400270966659,-0.30498495340522086,0.0,-0.2155990835868459,0.0,-0.48800003428240013
VICI,0.5417034039967294,1.163600642017371,0.0,-0.35151051358021446,0.0,1.353793532433886
V,-0.1405814497026211,-0.04503610868329366,0.0,1.7471864339065808,0.0,1.561568875520666
VST,-0.3500662479392087,-0.611741307144601,0.0,-0.2956560204088474,0.0,-1.257463575492657
VMC,0.7297857305868546,0.5308634219064421,0.0,-0.27374894816636386,0.0,0.9869002043269327
WRB,-0.7904383160588465,-0.698669538177014,0.0,0.02469609463154721,0.0,-1.4644117596043131
GWW,0.37372642955934166,0.15222410789025875,0.0,-0.1531359483195983,0.0,0.3728145891300021
WAB,-0.06016004109167098,-0.30749249853115584,0.0,-0.21554809870257285,0.0,-0.5832006383253997
WBA,-0.6159757441528337,-0.6535337259101842,0.0,-0.30583602194938175,0.0,-1.5753454920123997
WMT,-0.5264744990858087,-0.7237449894363639,0.0,0.6822494017246225,0.0,-0.56797008679755
DIS,-0.5614967254163837,-0.4094660003191787,0.0,0.7397935608268001,0.0,-0.23116916490876227
WBD,-0.5154489833891462,-0.5532319208727846,0.0,2.4627799901830607,0.0,1.39409908592113
WM,-0.4674555621213212,-0.24814726388402772,0.0,-0.15744478151203278,0.0,-0.8730476075173818
WAT,0.20834369410940412,0.0661317252331575,0.0,-0.279218207429206,0.0,-0.004742788086644412
WEC,-0.6886144358014339,-0.6008752782655494,0.0,-0.3654523671550287,0.0,-1.6549420812220121
WFC,-1.0472679758163965,-0.8842278774962031,0.0,-0.34989455706707223,0.0,-2.281390410379672
WELL,0.7284886110931295,0.7824537828752525,0.0,-0.1566884874846778,0.0,1.354253906483704
WST,0.6461215232415921,0.592716201679505,0.0,-0.33103605672277037,0.0,0.9078016681983267
WDC,0.1577560338541292,-0.12277000758727828,0.0,-0.39025276842779616,0.0,-0.3552667421609452
WRK,-0.1788464747675086,-0.2991340147780392,0.0,-0.20209536438909645,0.0,-0.6800758539346442
WY,0.4029116181681544,0.25670515480421663,0.0,-0.24544672105828655,0.0,0.4141700519140844
WMB,-0.7074226684604463,-0.5724564335049529,0.0,-0.16746031785692378,0.0,-1.447339419822323
WTW,-0.3234752983178461,-0.6083979136433544,0.0,-0.1702232354683143,0.0,-1.1020964474295147
WYNN,-0.11853041830929606,0.2475108226757884,0.0,-0.2613780869942475,0.0,-0.1323976826277552
XEL,-0.48820947402092124,-0.478005567094735,0.0,-0.5948396156732277,0.0,-1.561054656788884
XYL,0.03582680144397902,0.045235515850366004,0.0,-0.2748848627589649,0.0,-0.19382254546461988
YUM,-0.07896827375068344,0.07699775411220904,0.0,-0.19586237597869904,0.0,-0.19783289561717343
ZBRA,-0.4051938264225212,-0.478005567094735,0.0,-0.3303732869083998,0.0,-1.213572680425656
ZBH,0.026746964987904007,-0.334239646541129,0.0,-0.20901250174205094,0.0,-0.5165051832952758
ZTS,1.1130845409825922,0.5467445410373636,0.0,-0.15446807261877735,0.0,1.5053610094011787
