Ticker,debtToEquity,interestCoverageRatio,currentRatio,quickRatio,beta,Score
MMM,0.6341085394660796,0.0,0.018315688278691566,0.11461093100123398,-0.013920489470379724,0.4872614307157743
AOS,-0.31036975787063414,0.0,0.025449845494179005,-0.04420026030798209,0.4758571465328058,0.18423780347597474
ABT,-0.24668059749163782,0.0,-0.012166619823845906,-0.09435116282668181,-0.6782947827524788,-0.8184575975935888
ABBV,1.6414047976301174,0.0,-0.44021605275309617,-0.27990950214587096,-1.036558053532587,1.3249722989964978
ACN,-0.3028420825268424,0.0,-0.23008269476964607,0.05860908985535243,0.35568022658757986,0.2243117489750311
ADBE,-0.2706119592594647,0.0,-0.3669288013576337,-0.106053040081045,0.523474416699782,0.725844298878996
AMD,-0.3155437033743326,0.0,0.6642811961537418,0.5492520861632987,1.382852768760927,-0.14622421693044596
AES,0.5073287690113143,0.0,-0.5426884927573713,-0.5197979858603182,0.04956920408558884,1.6193844517145926
AFL,-0.2204721884848428,0.0,-0.05432300336990854,0.25252591292765836,-0.31776402291680045,-0.736439120959393
A,-0.23331226402880903,0.0,0.6928178250156919,0.6888387648403462,0.17201361308638485,-1.442955240798462
APD,-0.13992776636407392,0.0,-0.079616833497546,0.12464111150497395,-0.5490479065849714,-0.7339999509564732
ABNB,-0.26513128335126546,0.0,-0.11204482084067105,-0.21805672237280782,0.4441122997548215,0.509082559617035
AKAM,-0.11669506829538785,0.0,1.0573084027524173,1.586539919925072,-0.7576568996974395,-3.518200290670317
ALB,-0.26069647291952397,0.0,0.793993145526242,0.4890710031408589,1.3647128563163646,-0.17904776527026023
ARE,-0.20897618853282127,0.0,0.8997083842648295,1.4912532051395426,0.07451158369686195,-2.5254261942403318
ALGN,-0.31974633593044494,0.0,-0.25213372616297114,-0.03417007980424213,1.3873877468720677,1.353945216908836
ALLE,0.014417269122952058,0.0,-0.2008975061608336,-0.1996680581159513,0.22416586136450212,0.6391486947642391
LNT,-0.024848482797664013,0.0,-0.6853716370671213,-0.691146902799209,-1.165804929700094,0.18586512736857208
ALL,-0.2353890844759502,0.0,-0.8021123915023713,-0.6869676609226507,-1.2156896889226407,0.03800127902643102
GOOGL,-0.30626723871043526,0.0,0.34648692019111677,0.7724236023715125,-0.07060771585963761,-1.4957854771327022
GOOG,-0.30626723871043526,0.0,0.34648692019111677,0.7724236023715125,-0.07060771585963761,-1.4957854771327022
MO,-0.3269076388466384,0.0,-0.7392020960567088,-0.5891734010111862,-0.8347515275868297,0.16671633063442692
AMZN,-0.169054374358134,0.0,-0.3520119271797961,-0.1913095743628347,0.23777079569792395,0.6120379228824208
AMCR,0.08539553675335056,0.0,-0.21386870109808362,-0.3726886718054655,-0.4583483443621594,0.2136045652947403
AEE,-0.010600429494148696,0.0,-0.6613749264332088,-0.6585488161620542,-1.3766814118681323,-0.06735809876701793
AAL,-0.3269076388466384,0.0,-0.6698062031424215,-0.5106036537318898,1.2014536443153032,2.0549558623429762
AEP,0.03731128570333508,0.0,-0.6996399514980963,-0.6577129677867425,-1.2474345357006251,0.14722966928754877
AXP,0.04889035847324225,0.0,0.004047373847716545,0.46817479375806736,0.3466102703652986,-0.07672153876724302
AIG,-0.23176796164503738,0.0,-0.5206374613640462,-0.6995053865523256,-0.052467803415075176,0.9359070828562592
AMT,0.6288941225895652,0.0,-0.6574835679520339,-0.44122823858102184,-0.7825992793087129,0.945006649813908
AWK,-0.045848865144704945,0.0,-0.49274939224895875,-0.28910383427429925,-0.9866732943100401,-0.25066893293148707
AMP,-0.154633785202087,0.0,0.9684557174322547,0.9880724832019218,0.6821986505897034,-1.4289633352465598
AME,-0.25168626728731147,0.0,-0.32801521654588367,-0.3818830039338938,0.3738201390321423,0.8320320922246083
AMGN,2.388489299237012,0.0,-0.12501601577792107,-0.18545863573565305,-1.022953119199165,1.6760108315514213
APH,-0.2221762462876253,0.0,0.2868194234797667,0.2057184039102052,0.5189394385886413,-0.19577463508895587
ADI,-0.2847982404676291,0.0,-0.06729419830715856,-0.16957751660473144,0.21282841608665035,0.16490189053091125
ANSS,-0.2925815244818382,0.0,0.7712935543860544,1.3717268874699746,0.23777079569792395,-2.1978311706399434
AON,-0.3269076388466384,0.0,-0.1970061476796586,-0.48803574759847496,-0.35857882591706597,-0.00044456948557086706
APA,-0.017921487829353083,0.0,-0.29234443046844616,-0.22474350937530113,5.085662396507233,5.584828848521628
AAPL,-0.02663561341833217,0.0,-0.3747115183199837,-0.15286054909849817,0.48492710275508705,0.9858635567552367
AMAT,-0.26180837063583956,0.0,0.768050755651742,0.6136124110622967,1.1991861552597325,-0.4442853820901458
APTV,-0.20062204515468002,0.0,-0.20997734261690862,-0.1745926068566014,1.9474575435979329,2.131405447916763
ACGL,-0.29689918093963846,0.0,0.11235685157375414,-0.1428303685947582,-1.0977802580329852,-1.3642059219516196
ADM,-0.22476215400334776,0.0,-0.09388514792852103,-0.5824866140086928,-0.6125376001409399,-0.16092799220707382
ANET,-0.3269076388466384,0.0,2.1994221169772805,2.181663963146976,0.19242101458651784,-4.515572704384377
AJG,-0.1650498385215951,0.0,-0.36887448059822114,-0.7596864695747654,-0.8075416589199862,0.15596945273140528
AIZ,-0.23680345245225967,0.0,-0.7891411965651214,-0.770552498453817,-1.1884798202557971,0.13441042231088174
T,-0.05829487732177772,0.0,-0.6068959076967588,-0.5440375887443564,-0.7939367245865644,0.2987018945327732
ATO,-0.18875328255829985,0.0,-0.166523839577121,0.0009355519588477415,-0.8937062430316576,-0.9168712379716841
ADSK,-0.02536822042751268,0.0,-0.5135033041485588,-0.28408874402242923,0.9157500233134446,1.68797385105692
ADP,-0.17060080681415912,0.0,-0.39027695224468373,-0.7814185273328687,-0.6012001548630884,0.3998945179003047
AZO,-0.3269076388466384,0.0,-0.5180432223765963,-0.8023147367156602,-0.7508544325307286,0.2425958877148895
AVB,-0.17901672228765125,0.0,-0.2787246757843336,-0.5390224984924864,-0.31322904480565983,0.32550140718350895
AVY,-0.013735895851268533,0.0,-0.48107531680543375,-0.45460181258600846,-0.2973566214166677,0.6245846121235059
AXON,-0.24254399717538327,0.0,0.8380952083128921,1.1092704976221126,-0.32456649008351135,-2.5144761931938993
BKR,-0.2446357281282988,0.0,-0.2391625312257211,-0.27573026026931263,0.8704002422020385,1.1406573055687734
BALL,-0.14915523936614122,0.0,-0.2612135626190461,-0.14366621697006987,-0.4084635851396127,-0.15273904491663792
BAC,-0.3269076388466384,0.0,-1.0472679758163965,-0.8842278774962031,0.7366183879233907,2.341206602389352
BK,-0.3269076388466384,0.0,-1.0472679758163965,-0.8842278774962031,0.11759387575269802,1.722182090218659
BBWI,-0.3269076388466384,0.0,0.017018568784966565,-0.03584177655486546,1.888502828153105,1.5804183970763657
BAX,0.03961389380934492,0.0,-0.08934522970048345,-0.14868130722193984,-0.9322535569763528,-0.6546131262445847
BDX,-0.17731905470162918,0.0,-0.1321501729934085,-0.22975859962717113,-1.3199941854788748,-1.1354044675599244
BRK.B,-0.3269076388466384,0.0,-1.0472679758163965,-0.8842278774962031,-2.381179063485777,-0.7765908490198159
BBY,-0.04908444489773825,0.0,-0.4000053484476212,-0.6318016681520809,1.0563343447588036,2.0390569164607673
BIO,-0.29396607144659903,0.0,3.2111753220827803,2.890463385411266,-0.25654181841640217,-6.652146597357048
TECH,-0.27459306430121533,0.0,1.5962615523951547,1.197870425405149,0.41236745297683725,-2.6563575891246822
BIIB,-0.22964427960831965,0.0,0.3121132536074043,0.02601100321819765,-2.3970514868747688,-2.9648200233086905
BLK,-0.26755530557572355,0.0,0.6798466300784418,0.7908122666283691,0.7502233222568125,-0.9879908800257219
BX,-0.18354738597079925,0.0,-0.3539576064203837,-0.04420026030798209,1.02912447609196,1.2437349568495266
BA,-0.3269076388466384,0.0,-0.3066127448994212,-0.7028487800535723,1.1152890602036316,1.7978429463099868
BKNG,-0.3269076388466384,0.0,-0.2586193236315961,0.07365436061096238,0.7933056143126481,0.6513629384866435
BWA,-0.1900142853323589,0.0,-0.04848596564814596,0.053593999603482635,0.5257419057553525,0.330619586467657
BXP,0.08883347337046428,0.0,-0.4499444489560337,-0.2071906934937562,0.24910824097577525,0.9950768567960294
BSX,-0.2107185876361664,0.0,0.03258400270966659,-0.09685870795261681,-0.6374799797522133,-0.7839238621454294
BMY,0.41268326857252013,0.0,-0.3273666567990211,-0.11608322058478497,-1.3744139228125622,-0.5182807768562361
AVGO,0.026752517542843954,0.0,-0.18144071375495857,-0.19381711948876967,0.4803921246439464,0.8824024754305186
BR,0.023176126229254156,0.0,-0.1431756886900711,0.15974674326806382,-0.14316736563788715,-0.1365622939866257
BRO,-0.17573854108954842,0.0,-0.38184567553547116,-0.6125771555199128,-0.5762577752518151,0.24242651471402044
BF.B,-0.3269076388466384,0.0,-1.0472679758163965,-0.8842278774962031,-2.381179063485777,-0.7765908490198159
BLDR,-0.14443712932468714,0.0,0.3879947439903168,0.2725862739351381,2.332930683044885,1.5279125357947427
BG,-0.2166636192956239,0.0,0.24077168145252917,-0.30414910502990916,-0.91184615547622,-1.065132351194464
CDNS,-0.2881403238333363,0.0,-0.1931147891984836,0.02601100321819765,0.022359335418745168,-0.0986772024343052
CZR,0.8763872177211901,0.0,-0.6030045492155838,-0.46296029633912505,4.038082452833753,5.980434516109652
CPT,-0.17510164948575843,0.0,-0.854645730998234,-0.6552054226608075,-0.49009319114014366,0.8446563130331395
CPB,-0.06041429921398848,0.0,-0.39416831072585873,-0.557411162749343,-1.8868664493714506,-0.9957012751102374
COF,-0.3269076388466384,0.0,-1.0472679758163965,-0.8842278774962031,0.9361574248135777,2.540745639279539
CAH,-0.3269076388466384,0.0,-0.4090851849036962,-0.532335711489993,-0.7599243887530098,-0.14541113120595894
KMX,0.3580170942592572,0.0,0.41847705209285413,-0.5966960363889912,1.344305454816232,1.8805415333716264
CCL,0.6939784802945898,0.0,-0.8124893474521714,-0.6677431482904824,3.3759756486072248,5.550186624644468
CARR,-0.015608229362075798,0.0,-0.167820959070846,-0.4203320291982302,0.3602152046987205,0.9327599636057209
CTLT,-0.03255508421074791,0.0,0.5773741900741668,0.3687088370959795,0.2876555549204707,-0.6909825564604235
CAT,0.13004611133075933,0.0,-0.17236087729888358,-0.25650574763714434,0.28992304397604074,0.8488357802428279
CBOE,-0.2419560972334233,0.0,-0.1827378332486836,-0.47967726384535836,-1.0478954988104383,-0.6274364989498197
CBRE,-0.1775512325772583,0.0,-0.3033699461651086,-0.08850022419950017,0.8817376874798902,1.0960566252672406
CDW,0.2890581351251559,0.0,-0.22943413502278365,0.020160064591016096,0.08811651803028378,0.5864487235872072
CE,0.06451443845250436,0.0,-0.26445636135335854,-0.3225377692867657,0.709408519256547,1.3609170883491757
COR,0.8312062551526653,0.0,-0.47199548034935873,-0.4671395382156834,-1.3177266964233045,0.4526145772944028
CNC,-0.1852386633400609,0.0,-0.2865073927466836,0.045235515850366004,-1.4515085507019525,-1.3954753371456958
CNP,0.08131644838793993,0.0,-0.23656829223827108,-0.4186603324476069,-0.3154965338612301,0.4210485392125878
CF,-0.24120844187245247,0.0,1.5087059865687173,1.9116849379213092,-0.06834022680406707,-3.729939593166546
CHRW,-0.01620251952079619,0.0,-0.156146883627321,0.1998674652830235,-0.6760272936969085,-0.7359503948734072
CRL,-0.14971544836880596,0.0,0.08576590195239167,0.09120717649250741,0.8840051765354603,0.5573166497217552
SCHW,-0.020313558970009013,0.0,-0.7651444859312089,-0.5206338342356298,-0.15450481091573867,1.110959950281091
CHTR,1.0102217874794752,0.0,-0.7865469575776713,-0.6042186717667961,-0.17491221241587143,2.226075204408071
CVX,-0.29813675291890923,0.0,-0.2495394871755211,-0.20886239024437953,0.12893132103054927,0.28919644553154067
CMG,-0.06344752210294133,0.0,0.022855606506729,0.3812465627256544,0.4803921246439464,0.012842433308621726
CB,-0.256259532415529,0.0,-0.7956267940337465,-0.7304317764388573,-0.9458584913097746,0.3239405467473001
CHD,-0.20134839979311606,0.0,-0.1827378332486836,-0.23393784150372943,-1.231562112311633,-1.016234837352336
CI,-0.1581100631197633,0.0,-0.5089633859205213,-0.40277921331668537,-1.0728378784217119,-0.31920534230426845
CINF,-0.31221227036989274,0.0,-0.3980596692070338,-0.21722087399749618,-0.9345210460319231,-0.6314527731972859
CTAS,-0.19281746041793613,0.0,0.49565566196949185,0.02851854834413273,0.4803921246439464,-0.23659954608761424
CSCO,-0.17800919811175608,0.0,-0.4668070023744587,-0.31417928553364904,-0.4379409428620266,0.16503614693432506
C,-0.3269076388466384,0.0,-1.0472679758163965,-0.8842278774962031,0.9815072059249837,2.586095420390945
CFG,-0.3269076388466384,0.0,-1.0472679758163965,-0.8842278774962031,0.686733628700844,2.291321843166805
CLX,2.1957667519590705,0.0,-0.4635642036401462,-0.48051311222067,-1.4152287258128278,1.724615342007059
CME,-0.2965328085120402,0.0,-0.39027695224468373,-0.865003364864035,-1.2746444043674687,-0.3158968957707903
CMS,0.06890664743917631,0.0,0.26930831031447905,-0.4437357837069568,-1.5354056457580536,-1.2920715249263997
KO,0.006689366987333339,0.0,-0.3734143988262587,-0.26068498951370267,-1.0773728565328524,-0.4365841012055577
CTSH,-0.3067443748952144,0.0,0.47879310855106694,0.7991707503814856,0.07224409464129189,-1.512464139186475
CL,2.672800693270007,0.0,-0.3591460843952837,-0.39274903281294543,-1.4877883755910772,1.9369074348871587
CMCSA,-0.07993641141711563,0.0,-0.6613749264332088,-0.4763338703441117,-0.13636489847117622,0.9214074868890287
CMA,-0.3269076388466384,0.0,-1.0472679758163965,-0.8842278774962031,0.543881818199915,2.148470032665876
CAG,-0.12655730282899164,0.0,-0.43308189553760873,-0.644339393781756,-1.5399406238691942,-0.5890766373788211
COP,-0.2473750010462717,0.0,-0.171712317552021,0.06278833173191084,0.48492710275508705,0.3464760875289255
ED,-0.08030704398922081,0.0,-0.4064909459162462,-0.33006040466457065,-1.6193027408141547,-0.9630584342225587
STZ,-0.06113852378017105,0.0,-0.27742755629060856,-0.5565753143740313,-0.23840190597184,0.5344624409126288
CEG,-0.1429588591807733,0.0,-0.12047609754988349,-0.3517924624226739,-0.6737598046413382,-0.3444501038495541
COO,-0.24237998161186547,0.0,0.15840459360099163,-0.20301145161719797,-0.17717970147144174,-0.37495282506710087
CPRT,-0.323591116347973,0.0,3.728726000079056,4.955844720806385,0.38742507336556414,-8.620736763867848
GLW,-0.1741218162491585,0.0,0.03582680144397902,-0.28659628914836427,0.040499247863307615,0.11714691931853435
CPAY,0.11376170895291894,0.0,-0.35330904667352114,-0.26570007976557264,0.37608762808771234,1.108858463479725
CTVA,-0.28738627825560503,0.0,-0.06469995931970855,-0.1771001519825364,-0.6080026220297993,-0.6535887889831593
CSGP,-0.294843661215032,0.0,4.848788682910595,6.625033926303775,-0.4742207677511515,-12.242887038180555
COST,-0.23012141579309875,0.0,-0.4460530904748587,-0.5682771916283946,-0.6601548703079163,0.12405399600223821
CTRA,-0.2783121704557882,0.0,-0.079616833497546,0.297661725194488,-1.9163438070938648,-2.4127008692465948
CCI,0.6988243946712525,0.0,-0.7761700016278714,-0.6593846645373658,-0.6306775125855024,1.5037015482509872
CSX,-0.0035094189623200143,0.0,-0.3027213864182462,-0.08682852744887684,0.31486542358731434,0.7009059184921174
CMI,-0.17043679125064132,0.0,-0.18014359426123358,-0.27489441189400093,-0.016187978525950282,0.26841323637864295
CVS,-0.09194788885447885,0.0,-0.5219345808577712,-0.4295263613266585,-1.1295251048109691,-0.27001205148101826
DHR,-0.25013770475903285,0.0,0.1512704363855042,0.23413724867080177,-0.4447434100287376,-1.0802887998440764
DRI,0.3426848341787215,0.0,-0.7969239135274714,-0.7697166500785053,0.48946208086622767,2.398787478650926
DVA,0.6299719391498251,0.0,-0.12242177679047107,0.1990316169077119,-0.034327890970512726,0.5190342080620716
DAY,-0.21839110789319466,0.0,-0.3520119271797961,-0.8048222818415952,0.566556708755618,1.5049998098838147
DECK,-0.29917196803409957,0.0,0.8050186612229044,0.9161895229251185,-0.009385511359239112,-2.0297656635413612
DE,0.2866767143457673,0.0,0.2576342348709542,0.6177916529388549,0.001951933918612165,-0.5867972395454296
DAL,0.19666199098603465,0.0,-0.7833041588433589,-0.6435035454064442,0.7751657018680856,2.3986353971039236
DVN,-0.2149574314205879,0.0,-0.37276583907939614,-0.16874166822941977,2.575552011990907,2.9021020878791353
DXCM,-0.08135290946567858,0.0,0.8322581705911296,1.1510629163876958,0.3942275405322748,-1.670446455912229
FANG,-0.24623967253516782,0.0,-0.4505930087028962,-0.1587114877256798,1.9157126968199487,2.2787775207133567
DLR,-0.1378339053389049,0.0,-0.38184567553547116,-0.10187379820448669,-1.106850214255266,-0.7609646458542132
DFS,-0.030623108676843213,0.0,-0.3364464932550961,0.02851854834413273,0.8545278188130466,1.131832655047167
DG,0.2440497084091628,0.0,-0.2748333173031586,-0.8031505850909718,-1.3834838790348434,-0.06145026823155031
DLTR,-0.02437134661288487,0.0,-0.20024894641397104,-0.7621940147007004,-0.28828666519438645,0.6497849493074002
D,-0.00181601152080486,0.0,-0.36628024161077116,-0.7404619569425972,-1.0546979659771494,0.050228221055414135
DPZ,-0.3269076388466384,0.0,0.09095437992729152,-0.08097758882169519,-0.4946281692512843,-0.831512599203519
DOV,-0.16393581073302602,0.0,-0.19765470742652103,-0.1913095743628347,0.45998472314381345,0.6850131942001432
DOW,-0.12632086480885557,0.0,0.12013956853610415,-0.09184361770074682,0.5484167963110556,0.3937999806668427
DHI,-0.2744290487376975,0.0,2.652116820287305,-0.3860622458104521,1.3987251921499195,-1.1417584310646307
DTE,0.09409475183655527,0.0,-0.5582539266820713,-0.5298281663640582,-0.9299860679207825,0.2521907769619023
DUK,0.019382467545809575,0.0,-0.5426884927573713,-0.6501903324089375,-1.3517390322568592,-0.13947773954474085
DD,-0.25309211497460704,0.0,0.4645247941200918,0.2934824833179298,0.523474416699782,-0.4876249757128468
EMN,-0.12905587758232148,0.0,-0.14576992767752112,-0.3150151339089607,1.1379639507593347,1.469693134763495
ETN,-0.21901521906346375,0.0,-0.03746044995148352,-0.07011155994264356,0.03142929164102639,-0.08001391752831027
EBAY,-0.04819620476803786,0.0,0.24271736069311675,0.6186275013141667,0.5937665774224617,-0.31577448935285946
ECL,-0.10556118062645761,0.0,-0.1340958522339961,-0.10856058520698,0.08811651803028378,0.22521177484480226
EIX,0.11631353551258578,0.0,-0.4013024679413462,-0.4972300797269032,-0.22479697163841816,0.7900491115424171
EW,-0.30618416589254965,0.0,1.3880738736522924,1.0532686564762312,0.10398894141927617,-2.6435377546017973
EA,-0.27354932889701106,0.0,-0.156146883627321,0.1513882595149472,-0.6193400673076509,-0.8881307720922882
ELV,-0.18850832424914984,0.0,-0.15549832388045853,0.13885053388527213,-0.5875952205296666,-0.75945575478363
LLY,0.10821926094936882,0.0,-0.169118078564571,-0.32086607253614235,-1.5399406238691942,-0.9417372118191121
EMR,-0.23595781376762884,0.0,-0.2852102732529586,-0.21387748049624952,0.7116760083121176,0.9748059482936969
ENPH,-0.022237014214899816,0.0,1.6481463321441547,2.185007356648223,0.9996471183695462,-2.8557435846377315
ETR,0.08200872187032036,0.0,-0.5991131907344088,-0.5707847367543296,-0.8120766370311269,0.43983001232793206
EOG,-0.29634323208148067,0.0,0.45933631614519177,0.6771368875859831,0.7592932784790938,-0.6735231573335618
EPAM,-0.31634461054164037,0.0,1.9892887589938304,2.8938067789125124,0.931622446702437,-4.267817701745547
EQT,-0.24962009720143766,0.0,-0.4745897193368087,-0.4671395382156834,0.11986136480826806,0.8119705251593224
EFX,-0.07262600344317865,0.0,-0.5712251216193213,-0.3726886718054655,1.1152890602036316,1.9865768501852397
EQIX,-0.028292809631538143,0.0,-0.3370950530019587,-0.11357567545884999,-0.9798708271433292,-0.5574929083140586
EQR,-0.1884827633821081,0.0,-0.8475115737827464,-0.8123449172194002,-0.492360680195714,0.9790130474243245
ESS,-0.08203240251453811,0.0,-0.4700498011087712,-0.35847924942516723,-0.5603853518628229,0.1861112961565775
EL,-0.00856195034757013,0.0,-0.025137814761095927,-0.026647444426437062,0.04276673691887767,0.08599004575884053
ETSY,-0.3269076388466384,0.0,0.5644029951369168,0.6838236745884763,2.14926406954369,0.5741297609716585
EG,-0.2739838636367206,0.0,-0.02902917324227093,0.09538641836906563,-1.090977790866274,-1.4313188996297894
EVRG,-0.026473727927067783,0.0,-0.6756432408641839,-0.8215392493478284,-1.1023152361441257,0.3683935261408189
ES,0.08300133554044113,0.0,-0.5498226499728588,-0.6150847006458476,-1.05923294408829,0.18867574207085758
EXC,0.04392089990587776,0.0,-0.3792514365480212,-0.4328697548279052,-1.0274880973103055,-0.17144600602850146
EXPE,0.32697342123706674,0.0,-0.5329600965544338,-0.3726886718054655,1.7864658206524415,3.0190880102494075
EXPD,-0.2721520014987294,0.0,0.15062187663864163,0.46232385513088564,-0.1204924750821841,-1.0055902083504409
EXR,-0.16820234545674273,0.0,-0.002438223620908464,-0.5950243396383679,-0.6465499359744945,-0.2172897181719609
XOM,-0.28647673740336993,0.0,-0.1509584056524211,-0.02748329280174882,-0.23386692786069938,-0.34190196680989937
FFIV,-0.3075303715567478,0.0,-0.20478886464200863,0.06028078660597576,0.19695599269765846,0.033933699176943555
FDS,-0.1254326246791552,0.0,0.11365397106747914,0.4288899201184191,-0.7304470310305958,-1.3984235468956494
FICO,-0.3269076388466384,0.0,0.2731996687956542,0.7197651547268779,0.4214374091991185,-0.8984350531700522
FAST,-0.2968800102893571,0.0,2.08786984051693,1.016491327962518,0.020091846363174612,-3.3811493324056303
FRT,-0.020601118724228602,0.0,-0.3403378517362711,0.026846851593509403,0.36701767186543116,0.6599075532839642
FDX,-0.3269076388466384,0.0,-0.19830326717338362,0.09204302486781897,0.42370489825468904,0.20305750171361525
FIS,-0.19363114801876477,0.0,-0.06275428007912098,0.027682699968820976,-0.14543485469345746,-0.3039944226019222
FITB,-0.3269076388466384,0.0,-1.0472679758163965,-0.8842278774962031,0.4758571465328058,2.080445360998767
FSLR,-0.30587530541579533,0.0,0.5170581336159543,0.508295515773027,0.7207459645343989,-0.6104829902703778
FE,0.056686422920972236,0.0,-0.6270012598494963,-0.5432017403690448,-1.306389251145453,-0.07949982800593958
FI,-0.1502181454206268,0.0,-0.36238888312959616,-0.7563430760735187,-0.28828666519438645,0.6802271485881015
FMC,-0.10643877039489062,0.0,-0.09842506615655847,-0.12277000758727828,-0.3767187383616284,-0.26196243501268224
F,0.42499082605311683,0.0,-0.2897501914809962,-0.09267946607605848,1.314828097093818,2.1222485807039897
FTNT,-0.3269076388466384,0.0,-0.26899627958139616,9.970358353617072e-05,0.07904656180800256,0.021035498959224116
FTV,-0.24681479204360696,0.0,-0.07248267628205857,-0.03166253467830704,0.33073784697630626,0.1880682658930649
FOXA,-0.16821938603477057,0.0,1.0527684845243797,1.4803871762604912,-0.6102701110853697,-3.311645157905011
FOX,-0.16821938603477057,0.0,1.0527684845243797,1.4803871762604912,-0.6102701110853697,-3.311645157905011
BEN,-0.2691294289710439,0.0,2.284383443816268,0.33527490208351296,0.9134825342578745,-1.97530524061295
FCX,-0.2554756658262491,0.0,0.4794416682979294,0.10290905374687069,2.1968813397106666,1.3590549518396173
GRMN,-0.31921807801158236,0.0,1.5748590807486926,1.2873062015634968,-0.1250274531933247,-3.306410813517097
IT,0.5474742407726169,0.0,-0.4544843671840712,-0.2322661447531061,0.6005690445891724,1.8347937972989663
GE,-0.17327617756452768,0.0,-0.2910473109747212,-0.28659628914836427,0.44184481069925147,0.8462122332578093
GEHC,-0.05590493625337525,0.0,-0.36109176363587114,-0.27322271514337765,-2.381179063485777,-1.8027695209599035
GEV,-0.30511912976581057,0.0,-0.4045452666756587,-0.37101697505484216,-2.381179063485777,-1.9107359515210867
GEN,0.5122258051220606,0.0,-0.7145568256759339,-0.5106036537318898,0.12666383197497924,1.8640501165048637
GNRC,-0.18117874562493155,0.0,0.43598816525814177,-0.16706997147879646,0.8046430595904999,0.354546120186223
GD,-0.21684254536491607,0.0,-0.11269338058753348,-0.2531623541358977,-0.8778338196426655,-0.7288206302841503
GIS,-0.05185992904402026,0.0,-0.6198671026340088,-0.6050545201421077,-2.0637305957059344,-0.8906689019738381
GM,0.04908632512056221,0.0,-0.2949386694558962,-0.14700961047131653,1.0087170745918275,1.4997516796396024
GPC,-0.08844178992525382,0.0,-0.31115266312745865,-0.5482168306209146,-0.22933194974955876,0.5415957540735608
GILD,-0.01945939999636432,0.0,-0.34747200895175867,-0.19548881623939302,-1.8483191354267556,-1.3248177102319683
GPN,-0.15784167401582508,0.0,-0.4505930087028962,-0.6284582746508343,-0.17944719052701205,0.7417624188108933
GL,-0.2270008599417533,0.0,-0.719745303650834,-0.5783073721321346,-0.6170725782520805,0.4539792375891347
GS,0.9678695608635692,0.0,-0.043297487673245955,0.312706995950098,0.7774331909236563,1.4758932435103733
HAL,-0.13359080140997645,0.0,0.3302729265195543,0.20237501040895856,2.2014163178218067,1.5351775794833173
HIG,-0.26686729223785016,0.0,0.1953724991721541,-0.025811596051125492,-0.35857882591706597,-0.7950070212759448
HAS,0.3961453875965158,0.0,-0.32542097755843363,-0.32337361766207734,-0.8914387539760873,0.15350122884093942
HCA,6.734701505667328,0.0,-0.2929929902153086,-0.15787563935036814,1.4123301264833412,8.597900261716346
DOC,-0.12580751739576734,0.0,0.4126400143710917,0.29181078656730647,-0.09781758452648129,-0.9280759028606469
HSIC,-0.21192207845938155,0.0,0.08576590195239167,-0.23895293175559942,-0.39939362891733143,-0.4581286775735053
HSY,-0.03154329989034581,0.0,-0.41751646161290873,-0.47048293171693006,-1.6397101423142877,-0.7832540488747948
HES,-0.1318611827401522,0.0,-0.2508366066692461,0.0017714003341594978,0.4577172340882434,0.5749212576831778
HPE,-0.19890307684612318,0.0,-0.4674555621213212,-0.47215462846755335,0.3783551171432829,1.1190622308860343
HLT,-0.3269076388466384,0.0,-0.5005321092113088,-0.2615208378890143,0.49399705897736823,0.9291423672310528
HOLX,-0.2139712079672275,0.0,1.5268656594808674,1.5982417971794356,-0.0864801392486295,-3.42555880387616
HD,5.643263133346397,0.0,-0.1788464747675086,-0.5966960363889912,-0.08874762830420006,6.330058016198697
HON,0.0022971580006613907,0.0,0.03193544296280401,0.11293923425061066,-0.07514269397077823,-0.21772021318353152
HRL,-0.23704202054464926,0.0,-0.08156251273813343,-0.24313217363215775,-1.7644220403706543,-1.6767693745450123
HST,-0.17117379625034476,0.0,3.082111932457143,4.430931941110661,0.6436513366450084,-7.04056633317314
HWM,-0.1267767002710999,0.0,0.22844904626214174,-0.22641520612592447,0.44864727786596215,0.31983673745864494
HPQ,-0.3269076388466384,0.0,-0.5887362347846088,-0.5841583107593162,0.04730171503001828,0.8932886217273048
HUBB,-0.1630795216871278,0.0,0.026098405241041577,-0.09936625307855179,-0.2066570591938557,-0.2964687330434733
HUM,-0.14865680245882731,0.0,0.033232562456529016,0.24249573242391842,-1.2519695138117657,-1.6763546111510403
HBAN,-0.3269076388466384,0.0,-1.0472679758163965,-0.8842278774962031,0.1334662991416899,1.738054513607651
HII,-0.18984174947982715,0.0,-0.4240020590815337,-0.16706997147879646,-1.0206856301435947,-0.6194553490630916
IBM,0.24704245992529963,0.0,-0.3130983423680462,-0.07763419532044855,-0.6918997170859006,-0.054124719472106175
IEX,-0.2477115524623212,0.0,1.1416211698445422,1.036551688969998,-0.14996983280459808,-2.5758542440814596
IDXX,-0.18177942600041241,0.0,-0.02902917324227093,-0.03166253467830704,0.5030670151996495,0.38197929711981504
ITW,0.26007850211658584,0.0,-0.1944119086922086,-0.16038318447630315,0.22643335042007218,0.8413069457051697
ILMN,-0.24235868088933069,0.0,0.08900870068670409,0.11293923425061066,0.3466102703652986,-0.09769634546134681
INCY,-0.32543149877497807,0.0,1.2045314652902048,1.8665491256544793,-0.8234140823089782,-4.21992617202864
IR,-0.2667714389864436,0.0,0.45933631614519177,0.4798766710124305,0.8046430595904999,-0.4013413665535659
PODD,0.05064340793785472,0.0,1.3802911566899423,1.1870043965260975,-0.13409740941560594,-2.6507495546937907
INTC,-0.2260359372109277,0.0,-0.03162341222972093,-0.06175307618952693,0.09038400708585434,-0.042275441705825506
ICE,-0.1461475773442301,0.0,-0.3948168704727212,-0.8583165778615417,-0.04793282530393456,1.0590530456860983
IFF,-0.1627578807768526,0.0,0.0403667196720166,-0.25399820251120936,0.3851575843099936,0.43603118637233373
IP,-0.17091179736316695,0.0,0.039718159925154026,0.04439966747505425,-0.13182992036003563,-0.3868595451234108
IPG,-0.07581685167888888,0.0,-0.3584975246484211,-0.057573834312968614,0.1697461240308148,0.5100006313133156
INTU,-0.3269076388466384,0.0,-0.2858588329998212,-0.542365891993733,0.3851575843099936,0.8864746704569093
ISRG,-0.3269076388466384,0.0,2.5528871790173433,2.799355912502295,0.7728982128125156,-4.906252517553761
IVZ,-0.3100119057320499,0.0,3.067843618026168,-0.12862094621445994,0.888540154646601,-2.360694422897157
INVH,-0.14762158734363698,0.0,2.3635077329334933,2.157424360262938,-0.24293688408298061,-4.9114905646230484
IQV,0.13959948538760877,0.0,-0.4791296375648462,-0.23143029637779444,1.0790092353145067,1.929168654644756
IRM,16.394696329164628,0.0,-0.49274939224895875,-0.2832528956471176,-0.16584225619359022,17.004856360867116
JBHT,-0.23708675206197227,0.0,-0.22813701552905866,-0.1612190328516148,0.2763181096426189,0.42858740596132006
JBL,-0.0662975587780951,0.0,-0.2910473109747212,-0.38940563931169875,0.8318529282573436,1.4460083197656686
JKHY,-0.2898891131534419,0.0,-0.14382424843693353,-0.17375675848128977,-0.8801013086982358,-0.8524094149334543
J,-0.22180348364326663,0.0,-0.2891016317341336,0.056101544729417537,-0.6987021842526115,-0.6875055808911621
JNJ,-0.22459600836757648,0.0,-0.28845307198727116,-0.17793600035784807,-1.1408625500888208,-0.899069486111278
JCI,-0.1741303365381724,0.0,-0.48107531680543375,-0.4211678775735419,0.44184481069925147,1.1699576685400548
JPM,-0.3269076388466384,0.0,-1.0472679758163965,-0.8842278774962031,0.14933872253068228,1.7539269369966435
JNPR,-0.24033085210401947,0.0,0.08382022271180409,-0.030826686302995475,-0.15677229997130898,-0.4500966884841371
K,0.10690500636897282,0.0,-0.6425666937741963,-0.5941884912630562,-1.471915952202085,-0.12825576079585965
KVUE,-0.15248667237058103,0.0,-0.4058423861693837,-0.4345414515785285,-2.381179063485777,-1.6932818981084459
KDP,-0.18218413972857325,0.0,-0.717151064663384,-0.6735940869176641,-0.9866732943100401,0.22188771754243464
KEY,-0.3269076388466384,0.0,-1.0472679758163965,-0.8842278774962031,0.523474416699782,2.128062631165743
KEYS,-0.23590243188903845,0.0,0.2018580966407791,0.12464111150497395,0.020091846363174612,-0.5423097936716169
KMB,1.111611096672781,0.0,-0.5193403418703213,-0.49137914109972164,-1.4991258208689286,0.6232047587738951
KIM,-0.17478000857548323,0.0,-0.07767115425695843,0.36118620171817445,0.8953426218133121,0.4370475657766129
KMI,-0.11119522173690732,0.0,-0.7203938633976964,-0.6058903685174194,-0.39259116175062053,0.8224978484275878
KLAC,0.14273708181698208,0.0,0.33870420322876676,0.24165988404860667,0.6345813804227272,0.1969543749623358
KHC,-0.23883341130982436,0.0,-0.34228353097685865,-0.46045275121319007,-0.91184615547622,-0.34794328459599566
KR,0.1613070517228045,0.0,-0.5245288198452213,-0.6752657836682874,-1.2791793824786093,0.0819222727577038
LHX,-0.1710140408313339,0.0,-0.4116794238911462,-0.3701811266795305,-0.9390560241430637,-0.3282095144037208
LH,-0.16538852000989812,0.0,-0.4784810778179837,-0.39609242631419206,-0.10008507358205135,0.6090999105402264
LRCX,-0.1945832903160695,0.0,0.7810219505889919,0.6019105338079334,1.0449968994809518,-0.5325188752320429
LW,0.14325468937457728,0.0,-0.2761304367968836,-0.5164545923590715,-0.5853277314740962,0.35051198705643616
LVS,0.41171195562493407,0.0,-0.20284318540142104,0.16894107539649203,0.30126048925389254,0.7468745548837556
LDOS,-0.07137778110264047,0.0,-0.174306556539471,0.022667609716950993,-0.8846362868093763,-0.8043751210894968
LEN,-0.2910542626760944,0.0,7.151175784272471,2.1766488728951057,1.1243590164259127,-8.494519903417757
LIN,-0.21932194946796457,0.0,-0.4564300464246587,-0.2991340147780392,-0.22933194974955876,0.3069101619851746
LYV,0.849203235622302,0.0,-0.4505930087028962,-0.23644538662966444,0.6595237600340004,2.1957653909888633
LKQ,-0.13322442898237824,0.0,0.05593215359671662,-0.4094660003191787,0.625511424200446,0.8458208419405299
LMT,0.29507345916897815,0.0,-0.20608598413573362,0.017652519465081014,-1.3494715432012885,-0.8659646193616577
L,-0.20030466438891176,0.0,-0.7294736998537714,-0.47466217359348833,-0.5127680816958468,0.49106312736250135
LOW,-0.3269076388466384,0.0,-0.25278228590983354,-0.834912823352815,0.21282841608665035,0.9736158865026605
LULU,-0.2562787030658103,0.0,0.5669972341243668,0.32942396345633124,0.5756266649778993,-0.5770732356686089
LYB,-0.11890608329449816,0.0,0.3244358887977919,0.01263742921321103,0.3103304454761737,-0.14564895582932735
MTB,-0.3269076388466384,0.0,-1.0472679758163965,-0.8842278774962031,-0.6306775125855024,0.9739107018804587
MRO,-0.22315607952422525,0.0,-0.6925057942826087,-0.493050837850345,2.6730540413804302,3.6354545939891585
MPC,-0.122772164434561,0.0,-0.11658473906870849,-0.08850022419950017,1.1152890602036316,1.1976018590372792
MKTX,-0.3142656600222457,0.0,11.527656956100623,12.680755405436772,-0.16584225619359022,-24.68852027775323
MAR,-0.3269076388466384,0.0,-0.7735757626404215,-0.5590828594999663,1.2898857174825449,2.2956367007762943
MMC,-0.06737324526610154,0.0,-0.30726130464628365,-0.47884141547004666,-0.351776358750355,0.36695311609987374
MLM,-0.21309787834330146,0.0,1.0034779437628296,1.0825233496121396,-0.22479697163841816,-2.523896143356689
MAS,4.081121394451867,0.0,0.07928030448376666,-0.029154989552372147,0.543881818199915,4.574877897720387
MA,0.12863387342670332,0.0,-0.3403378517362711,-0.2966264696521042,0.056371671252299506,0.8219698660673782
MTCH,-0.3269076388466384,0.0,0.5151124543753667,0.9621611835672601,1.0404619213698112,-0.7637193554194539
MKC,-0.1442262521715928,0.0,-0.6068959076967588,-0.6744299352929758,-0.7485869434751583,0.3885126473429835
MCD,-0.3269076388466384,0.0,-0.5089633859205213,-0.35764340104985554,-0.7735293230864316,-0.23383017496269332
MCK,-0.3269076388466384,0.0,-0.4531872476903462,-0.46546784146506004,-1.3585414994235698,-0.766794049114802
MDT,-0.2237461095384387,0.0,0.44377088222049177,0.33527490208351296,-0.5785252643073854,-1.5813171581498286
MRK,-0.14659702258971397,0.0,-0.23462261299768367,-0.2782378053952476,-1.4696484631465148,-1.1033850673432974
META,-0.27329798037110065,0.0,0.691520705521967,1.2438420860472903,0.3579477156431499,-1.850713056297208
MET,-0.027436520585639897,0.0,-0.056917242357358545,0.18732973965334862,-0.04113035813722339,-0.19897937601885335
MTD,-0.3269076388466384,0.0,-0.35330904667352114,-0.3517924624226739,0.24910824097577525,0.6273021112253319
MGM,1.3381357605411672,0.0,-0.06923987754774599,0.14553732088776544,2.661716596102579,3.923554913303727
MCHP,-0.13495191757994898,0.0,-0.27159051856884614,-0.39859997144012704,1.237733469204428,1.772972041633452
MU,-0.25708600044987856,0.0,1.380939716436805,0.8919499200410803,0.5121369714219307,-2.017838665505833
MSFT,-0.2375234168739353,0.0,-0.2417567702131711,0.061952483356599086,-0.35631133686149563,-0.4140304668788589
MAA,-0.16857084795659447,0.0,-0.9850062401175965,-0.8457788522318666,-0.5966651767519477,1.065549067640921
MRNA,-0.30635031152832093,0.0,1.56902204302693,2.2451884396706627,1.1674413084817483,-2.9531194857441654
MHK,-0.24176013058610335,0.0,0.14219059992942917,-0.1704133649800431,0.6890011177564146,0.4754637522209252
MOH,-0.21397972825624145,0.0,-0.08221107248499601,0.32190132807852634,-1.1476650172555316,-1.6013350011053034
TAP,-0.22427010731279431,0.0,-0.5978160712406838,-0.564933798127148,-0.3880561836394799,0.5504235784155576
MDLZ,-0.18072930037944768,0.0,-0.5491740902259963,-0.6794450255448458,-1.1249901266998286,-0.07710031130843409
MPWR,-0.3260449595839798,0.0,3.0626551400512683,3.084380208483572,0.3783551171432829,-6.094725190975538
MNST,-0.3253697266796272,0.0,2.1384575007722053,2.4675241075035643,-0.7145746076416037,-5.6459259425970005
MCO,0.10252770788807523,0.0,-0.1256645755247835,0.20739010066082855,0.4826596136995165,0.5034617964515467
MS,0.5597349366636369,0.0,0.22844904626214174,0.738989667359046,0.7887706362015074,0.3810668592439566
MOS,-0.24316810834565236,0.0,-0.29623578894962116,-0.5080961086059549,1.0472643885365223,1.608428177746446
MSI,2.4005369879026843,0.0,-0.27353619780943356,-0.10856058520698,-0.3086940666945192,2.4739397042245788
MSCI,-0.3269076388466384,0.0,-0.4006539081944837,-0.11441152383416164,0.08131405086357311,0.26947184404558006
NDAQ,-0.12088918056248633,0.0,-0.4051938264225212,-0.7346110183154154,-0.24293688408298061,0.7759787800924698
NTAP,0.24225405749948067,0.0,-0.30207282667138363,-0.06091722781421527,0.47358965747723525,1.0788337694623147
NFLX,-0.1622913949533409,0.0,-0.3546061661672461,-0.13948697509351154,0.41236745297683725,0.7441691992842541
NEM,-0.25754396598437634,0.0,0.3497297189254292,-0.40528675844262035,-1.2701094262563282,-1.4720963527235134
NWSA,-0.23238355252629253,0.0,-0.16717239932398356,0.04439966747505425,0.707141030200977,0.5975302095236137
NWS,-0.23238355252629253,0.0,-0.16717239932398356,0.04439966747505425,0.707141030200977,0.5975302095236137
NEE,-0.040202043600734434,0.0,-0.7158539451696588,-0.6401601519051976,-1.2610394700340468,0.054772583440075184
NKE,-0.14565766072593014,0.0,0.730434290333717,0.5133106060248971,0.05863916030787006,-1.3307633967766743
NI,-0.04483282067979586,0.0,-0.6198671026340088,-0.619263942522406,-1.290516827756461,-0.096218603279842
NDSN,-0.18959679117067718,0.0,0.37307786981247926,0.1304920501321555,-0.10688754074876251,-0.8000542518640744
NSC,-0.019069596773977775,0.0,-0.6043016687093088,-0.43537729995384017,0.5733591759223287,1.5939685478114998
NTRS,-0.3269076388466384,0.0,-1.0472679758163965,-0.8842278774962031,0.19695599269765846,1.8015442071636196
NOC,-0.05502947655719573,0.0,-0.3163411411023586,-0.07930589207107187,-1.6261052079808658,-1.285487651364631
NCLH,8.160090475816308,0.0,-0.8909650768225339,-0.7772392854563103,3.507490013830302,13.335784851925453
NRG,0.3765274221419822,0.0,-0.3922226314852712,-0.5632621013765245,0.10625643047484623,1.4382685854786241
NUE,-0.25973368026095184,0.0,1.557347967583405,1.1092704976221126,1.3851202578164976,-1.541231887649972
NVDA,-0.2721115301259133,0.0,1.6578747283470927,1.9451188729337752,1.5846592947066847,-2.2904458367000964
NVR,-0.27665071409807523,0.0,3.3142963218339188,2.123154576875159,0.18335105836423662,-5.530750554442917
NXPI,-0.08996905173099766,0.0,0.4800902280447918,0.3118711475747864,1.1266265054814828,0.244696078130907
ORLY,-0.3269076388466384,0.0,-0.5867905555440214,-0.8140166139700235,-0.3472413806392144,0.726658150028192
OXY,-0.18358572727136188,0.0,-0.43308189553760873,-0.4529301158353851,1.382852768760927,2.085279052862559
ODFL,-0.32303729756206867,0.0,0.44117664323304173,0.9136819777991834,0.056371671252299506,-1.6215242473419944
OMC,0.004077898404569142,0.0,-0.4460530904748587,-0.264864231390261,-0.18171467958258236,0.5332805406871064
ON,-0.23288411950585994,0.0,0.817341296413292,0.5634615085435969,1.664021411651645,0.05033448718889599
OKE,-0.04193592241506563,0.0,-0.5913304737720588,-0.532335711489993,1.262675848815701,2.3444061116626873
ORCL,2.7045345097023237,0.0,-0.4985864299707213,-0.30665665015584415,-0.059270270581785835,3.450507319247103
OTIS,-0.3269076388466384,0.0,-0.4168679018660462,-0.1888020292368997,-0.27694921991653493,0.00181307233977257
PCAR,-0.1486205912305182,0.0,2.002908513677943,2.569497609291587,-0.21799450447170723,-4.939021218671756
PKG,-0.15978429991099713,0.0,0.5481890014653543,0.44644273599996415,-0.5331754831959795,-1.687591520572295
PANW,-0.22011646641851196,0.0,-0.5089633859205213,-0.2690434732668193,0.298993000198322,0.8568833929671505
PARA,-0.17617094575700445,0.0,-0.20997734261690862,-0.026647444426437062,1.6118691633735278,1.672323004659869
PH,-0.1181136964162043,0.0,-0.48431811553974624,-0.4997376248528383,1.0449968994809518,1.910938943457332
PAYX,-0.2775197835774943,0.0,-0.2456481286943461,-0.5256489244874998,-0.2724142418053943,0.22136302779895728
PAYC,-0.3269076388466384,0.0,-0.32088105933039607,-0.773060043579752,0.2627131753091971,1.0297466393727068
PYPL,-0.20712089560004185,0.0,-0.21840861932612107,-0.6234431843989643,0.829585439201773,1.4643163473268164
PNR,-0.18565402742948914,0.0,0.1862926627160791,0.01263742921321103,0.41690243108797786,0.03231831172919858
PEP,0.18222223117970637,0.0,-0.48950659351464626,-0.3509566140473622,-1.1907473093113674,-0.16806187056965238
PFE,-0.16604032211946243,0.0,-0.3682259208513587,-0.324209466037389,-1.0546979659771494,-0.5283029012078642
PCG,0.15322981773761538,0.0,-0.4077880654099712,-0.22975859962717113,0.47812463558837587,1.2689011183631336
PM,-0.3269076388466384,0.0,-0.4363246942719212,-0.5440375887443564,-0.9798708271433292,-0.32641618297369
PSX,-0.18749440985649424,0.0,-0.28715595249354614,-0.26402838301494935,0.7955731033682186,1.15926302902022
PNW,0.02767909897310695,0.0,-0.6691576433955588,-0.7245808378116755,-1.2973192949231718,0.12409828525716948
PNC,-0.3269076388466384,0.0,-1.0472679758163965,-0.8842278774962031,0.23323581758678336,1.8378240320527444
POOL,-0.12207137066316669,0.0,0.17267290803196664,-0.4428999353316451,-0.0819451611374889,0.06621049549902291
PPG,-0.14176388864657208,0.0,-0.04070324868579595,-0.06843986319202024,0.5574867525333368,0.5248659757645809
PPL,-0.08286952091015502,0.0,-0.21776005957925865,-0.2096982386196912,-0.5173030598069873,-0.17271428251819254
PFG,-0.24702779926895474,0.0,-0.09907362590342103,-0.5030810183540849,0.44184481069925147,0.7969716556878026
PG,-0.19156071778838402,0.0,-0.5971675114938213,-0.549888527371538,-1.4220311929795384,-0.46653587190256307
PGR,-0.259622916503771,0.0,-0.833891819098634,-0.683624267421404,-1.6011628283695925,-0.34326965835332546
PLD,-0.21570934692606566,0.0,-0.709368347701034,-0.6643997547892359,0.017824357307604555,1.1758831128718086
PRU,-0.07615766323944541,0.0,-0.27548187705002114,-0.006587083418957138,0.6708612053118521,0.8767725025413851
PEG,-0.029351455541516747,0.0,-0.5316629770607088,-0.4303622097019702,-1.0773728565328524,-0.14469912531169027
PTC,-0.1684409135491323,0.0,-0.5537140084540337,-0.35764340104985554,0.31486542358731434,1.0577819195420712
PSA,-0.13462601652516684,0.0,-0.6587806874457589,-0.4337056032032168,-1.113652681421977,-0.155792407298168
PHM,-0.27556863739330834,0.0,2.6767620906680802,-0.32086607253614235,1.1765112647040294,-1.4549533908212164
QRVO,-0.20783659987721045,0.0,0.24271736069311675,0.09538641836906563,1.0926141696479286,0.5466737907085357
PWR,-0.1928771024410335,0.0,-0.16328104084280856,0.13717883713464882,0.1130588976415574,-0.05371600109131637
QCOM,-0.1923509745944244,0.0,0.6714153533692294,0.6612557684550614,0.6300464023115866,-0.8949756941071285
DGX,-0.15275293140226578,0.0,-0.41816502135977124,-0.23059444800248277,-0.4084635851396127,0.0875429528203755
RL,-0.0986448360194141,0.0,0.3594581151283668,0.3336032053328897,1.1719762865928889,0.38027013011221833
RJF,-0.2262915458813451,0.0,0.3198959705697543,0.8668744687817306,-0.01165300041480967,-1.4247149856476395
RTX,-0.17520389295392538,0.0,-0.35525472591410867,-0.34594152379549226,-1.0660354112550008,-0.5400430544993252
O,-0.18616950491483084,0.0,0.4048572974087417,0.7724236023715125,-0.28601917613881617,-1.6494695808339013
REG,-0.1885509256942194,0.0,-0.5381485745293337,-0.37101697505484216,0.26498066436476764,0.9855952882547241
REGN,-0.3055728351558014,0.0,2.3706418901489803,2.790161580373866,-2.0002409021499656,-7.466617207828614
RF,-0.3269076388466384,0.0,-1.0472679758163965,-0.8842278774962031,0.3942275405322748,1.998815754998236
RSG,-0.06960343091549315,0.0,-0.7061255489667213,-0.49555838297627985,-0.8483564619202515,0.28372403910725663
RMD,-0.27319786697518716,0.0,0.9256507741393295,0.2801089093129432,-0.9254510898096419,-2.4044086402371017
RVTY,-0.21822283218516988,0.0,0.39642602069952926,0.5049521222717804,0.08131405086357311,-1.0382869242929067
RHI,-0.2931204327619682,0.0,0.1551617948666792,0.109595840749364,0.5552192634777663,-0.0026588049002450598
ROK,-0.09269128407094272,0.0,-0.32671809705215865,-0.3359113432917523,0.8726677312576091,1.4426058875305774
ROL,-0.17092883794119476,0.0,-0.5822506373159838,-0.4236754226994769,-0.8937062430316576,-0.05870902095739161
ROP,-0.23448806391272894,0.0,-0.7294736998537714,-0.5666054948777712,-0.11369000791547318,0.9479011229033405
ROST,-0.07557828358649935,0.0,0.09873709688964154,0.11711847612716889,0.035964269752167,-0.2554695868511428
RCL,0.5205203064771043,0.0,-0.9246901836593839,-0.8106732204687769,3.283008597328842,5.538892307934107
SPGI,-0.2582319793222498,0.0,-0.44799876971544617,-0.2414604768815344,0.19922348175322852,0.6304507490279594
CRM,-0.278476186019306,0.0,-0.3390407322425461,-0.08014174044638353,0.5574867525333368,0.6981930392029604
SBAC,-0.3269076388466384,0.0,-0.927284422646834,-0.7513279858216487,-1.045628009754868,0.30607675986697624
SLB,-0.2076022919293279,0.0,-0.156146883627321,-0.12444170433790161,1.3465729438718022,1.4195592399076968
STX,-0.3269076388466384,0.0,-0.49339795199582126,-0.5415300436184215,0.06090664936344011,0.7689270061310445
SRE,-0.12863625334838633,0.0,-0.6438638132679213,-0.5724564335049529,-0.7848667683642832,0.3028172250602046
NOW,-0.26718680307587184,0.0,-0.3675773611044961,-0.12193415921196661,-0.1681097452491605,0.05421497199143038
SHW,0.444214728140757,0.0,-0.5407428135167838,-0.5432017403690448,0.30126048925389254,1.8294197712804783
SPG,1.1477328619472635,0.0,-0.6263527001026338,-0.34176228191893393,1.4894247543727317,3.605272598341563
SWKS,-0.28638514429647033,0.0,2.316811431159393,1.6433776094462653,0.686733628700844,-3.559840556201285
SJM,-0.0806499856220308,0.0,-0.5413913732636463,-0.6042186717667961,-1.859656580704607,-0.7946965212961954
SNA,-0.2740733266713667,0.0,1.4269874584640423,1.3708910390946631,-0.11595749697104347,-3.1879093212011154
SOLV,0.13234871943676918,0.0,0.12792228549845416,0.11461093100123398,-2.381179063485777,-2.491363560548696
SO,0.06463159242644567,0.0,-0.4505930087028962,-0.5440375887443564,-1.3018542730343123,-0.2425920831606141
LUV,-0.13552277694388112,0.0,-0.3429320907237211,-0.07345495344389022,0.24457326286463463,0.5254375300883648
SWK,-0.1268342122219438,0.0,-0.34228353097685865,-0.6167563973964709,0.6277789132560161,1.459984629407402
SBUX,-0.3269076388466384,0.0,-0.49015515326150877,-0.413645242195737,-0.19078463580486357,0.38610812080574375
STT,-0.3269076388466384,0.0,-1.0472679758163965,-0.8842278774962031,1.1016841258702097,2.706272340336171
STLD,-0.25538620279160296,0.0,0.8140984976789796,0.36369374684410954,0.9792397168694131,-0.4539387304452789
STE,-0.2216692890912975,0.0,0.9379734093297171,0.1973599201570886,-0.5513153956405417,-1.9083180142186449
SYK,-0.1780283687620374,0.0,0.06176919131847906,-0.17793600035784807,-0.2973566214166677,-0.35921818113933607
SMCI,-0.24898959581440813,0.0,1.997720035703043,0.9629970319425717,0.6595237600340004,-2.5501829034260224
SYF,-0.3269076388466384,0.0,-1.0472679758163965,-0.8842278774962031,1.1991861552597325,2.8037743697256934
SNPS,-0.3056282170343918,0.0,-0.21127446211063364,0.0026072487094710686,0.04276673691887767,-0.05419426671435157
SYY,0.9830207648025593,0.0,-0.1788464747675086,-0.2690434732668193,0.240038284753494,1.6709489975903813
TMUS,0.07188874859404572,0.0,-0.43891893325937126,-0.2556698992618327,-1.299586783978742,-0.5331092028634924
TROW,-0.3193139312629889,0.0,0.1499733168917792,0.6587482233291265,0.8250504610906324,-0.3029850103932623
TTWO,-0.194095503770023,0.0,-0.43827037351250875,-0.34928491729673894,-0.694167206141471,-0.10070741910224634
TPR,0.3846110463439318,0.0,3.2247950767668936,3.9603493058101944,1.3080256299271074,-5.492507706306049
TRGP,0.28418452980919784,0.0,-0.5926275932657838,-0.411137697069802,2.580086990102048,3.8680368102468314
TGT,-0.013407864724232908,0.0,-0.4596728451589712,-0.6585488161620542,0.2627131753091971,1.3675269719059897
TEL,-0.2551199437599182,0.0,-0.10491066362518348,-0.22892275125185946,0.7026060520898364,0.7813195232069612
TDY,-0.2528194657261618,0.0,0.12921940499217915,0.10123735699624736,-0.034327890970512726,-0.517604118685101
TFX,-0.23725076762549008,0.0,0.581265548555342,0.14720901763838878,0.16747863497524473,-0.798246698843976
TER,-0.3199998145286089,0.0,1.3692656409932797,0.8877706781645222,1.0268569870363893,-1.5501791466500217
TSLA,-0.2945177601602499,0.0,0.06566054979965406,-0.006587083418957138,3.0789345823275145,2.725343355786568
TXN,-0.14894436221304688,0.0,2.1378089410253427,2.189186598524781,-0.11142251885990312,-4.587362420623074
TXT,-0.20680564490652706,0.0,0.12792228549845416,-0.2439680220074694,0.6119064898670241,0.5211465814695123
TMO,-0.16039776071999884,0.0,0.052689354862404045,0.11126753749998733,-0.5694553080851041,-0.8938099611674943
TJX,0.03895570148302018,0.0,-0.2612135626190461,-0.38940563931169875,-0.39032367269505025,0.2992512307187148
TSCO,0.1829847970464515,0.0,-0.1405814497026211,-0.7964637980884786,-0.5286405050848388,0.5913895397527122
TT,-0.1764691558724914,0.0,-0.31504402160863365,-0.3016415599039742,0.33754031414301744,0.7777567397831339
TDG,-0.3269076388466384,0.0,1.3562944460560298,1.2739326275585101,0.7819681690347968,-2.175166543426381
TRV,-0.25853231950999017,0.0,-0.8312975801111839,-0.7245808378116755,-1.000278228643462,0.29706786976940713
TRMB,-0.17283951275256465,0.0,-0.39741110946017116,-0.47967726384535836,1.0381944323142411,1.742443292867206
TFC,-0.3269076388466384,0.0,-1.0472679758163965,-0.8842278774962031,0.02462682447431522,1.6292150389402764
TYL,-0.2814327263071337,0.0,-0.43502757477819626,-0.17626430360722475,-0.6624223593634867,-0.3325632072851994
TSN,-0.19879657323344924,0.0,0.10003421638336654,-0.20802654186906788,-0.7236445638638849,-0.8144488116116327
USB,-0.3269076388466384,0.0,-1.0472679758163965,-0.8842278774962031,0.02689431352988578,1.631482527995847
UBER,-0.13409562853405077,0.0,-0.26380780160649614,-0.029154989552372147,0.7660957456458044,0.9249629082706219
UDR,-0.0660632508302125,0.0,-0.8332432593517713,-0.8725260002418398,-0.6238750454187915,1.0158309633446074
ULTA,-0.1483117307537639,0.0,0.06241775106534163,-0.39274903281294543,0.7003385630342658,0.8823581140281057
UNP,0.1254323748297257,0.0,-0.4473502099685837,-0.31167174040771406,0.02689431352988578,0.9113486387359093
UAL,0.48088818212889006,0.0,-0.5576053669352088,-0.3359113432917523,0.9973796293139756,2.371784521669827
UPS,-0.02000682856550815,0.0,-0.3332036945207837,-0.06843986319202024,-0.0025830441925284464,0.37905368495476727
URI,0.023844968916846274,0.0,-0.4674555621213212,-0.2255793577506128,1.7524534848188866,2.469333373607667
UNH,-0.16506687909962292,0.0,-0.5173946626297338,-0.25065480900996273,-1.1091177033108364,-0.5061351107707628
UHS,-0.1477749525458874,0.0,-0.15030984590555854,0.087027934615949,0.48946208086622767,0.4049690396099498
VLO,-0.2463802573038974,0.0,-0.016057978305020912,-0.04921535055985198,1.1084865930369203,0.9273796645978958
VTR,-0.026162737378060002,0.0,-0.7443905740316088,-0.5457092854949797,0.4803921246439464,1.744329246792475
VLTO,0.07162248956236095,0.0,0.1402449206888416,0.302676815446358,-2.381179063485777,-2.7524783100586157
VRSN,-0.3269076388466384,0.0,-0.5193403418703213,-0.24229632525684608,-0.37218376025048777,0.06254526803004118
VRSK,1.9678426306201489,0.0,-0.3377436127488211,-0.10020210145386346,-0.5921301986408072,1.813658146182026
VZ,0.07534585586144071,0.0,-0.5880876750377463,-0.4437357837069568,-1.462845995979804,-0.35567668137366004
VRTX,-0.31862378785286194,0.0,1.2233396979492173,1.750366201486158,-1.5036607989800694,-4.795990486268307
VTRS,-0.13310088479167648,0.0,0.03258400270966659,-0.30498495340522086,0.19015352553094728,0.32945359143482505
VICI,-0.18158771949759936,0.0,0.5417034039967294,1.163600642017371,-0.3041590885833786,-2.1910508540950784
V,-0.21850826186713596,0.0,-0.1405814497026211,-0.04503610868329366,-0.22026199352727754,-0.25315269700849874
VST,0.15458028354632056,0.0,-0.3500662479392087,-0.611741307144601,-0.045665336248364004,1.0707225023817661
VMC,-0.21602033747507352,0.0,0.7297857305868546,0.5308634219064421,-0.49009319114014366,-1.9667626811085137
WRB,-0.24304456415495063,0.0,-0.7904383160588465,-0.698669538177014,-1.022953119199165,0.2231101708817449
GWW,-0.1613094316444875,0.0,0.37372642955934166,0.15222410789025875,0.28992304397604074,-0.3973369251180472
WAB,-0.239892057219803,0.0,-0.06016004109167098,-0.30749249853115584,0.709408519256547,0.8371690016595709
WBA,0.15316378549775753,0.0,-0.6159757441528337,-0.6535337259101842,-0.5830602424185259,0.8396130131422496
WMT,-0.17138467340343908,0.0,-0.5264744990858087,-0.7237449894363639,-1.2610394700340468,-0.18220465491531335
DIS,-0.23186381489644386,0.0,-0.5614967254163837,-0.4094660003191787,0.7819681690347968,1.5210670798739154
WBD,-0.12664037564687727,0.0,-0.5154489833891462,-0.5532319208727846,1.0449968994809518,1.9870374280960053
WM,0.1575496042676691,0.0,-0.4674555621213212,-0.24814726388402772,-0.7417844763084473,0.13136795396457068
WAT,0.03655724012560379,0.0,0.20834369410940412,0.0661317252331575,-0.1681097452491605,-0.40602792446611835
WEC,-0.008231789148281016,0.0,-0.6886144358014339,-0.6008752782655494,-1.4809859084243662,-0.199727983505664
WFC,-0.3269076388466384,0.0,-1.0472679758163965,-0.8842278774962031,0.298993000198322,1.9035812146642832
WELL,-0.21792888221418988,0.0,0.7284886110931295,0.7824537828752525,0.04503422597444823,-1.6838370502081235
WST,-0.3025438724113555,0.0,0.6461215232415921,0.592716201679505,-0.01165300041480967,-1.5530345977472624
WDC,-0.3269076388466384,0.0,0.1577560338541292,-0.12277000758727828,1.0676717900366548,0.7057781249231655
WRK,-0.12238662135668144,0.0,-0.1788464747675086,-0.2991340147780392,0.12212885386383862,0.47772272205270494
WY,-0.21902586942473115,0.0,0.4029116181681544,0.25670515480421663,0.9792397168694131,0.10059707447231092
WMB,0.05669068306547915,0.0,-0.7074226684604463,-0.5724564335049529,0.04276673691887767,1.3793365219497562
WTW,-0.17886122701314736,0.0,-0.3234752983178461,-0.6083979136433544,-0.6692248265301975,0.08378715841785556
WYNN,-0.3269076388466384,0.0,-0.11853041830929606,0.2475108226757884,1.970132434153636,1.5142443909405052
XEL,0.015533426983774544,0.0,-0.48820947402092124,-0.478005567094735,-1.5512780691470458,-0.569529601047615
XYL,-0.2773451176527091,0.0,0.03582680144397902,0.045235515850366004,0.07451158369686195,-0.2838958512501922
YUM,-0.3269076388466384,0.0,-0.07896827375068344,0.07699775411220904,0.05183669314115889,-0.27310042606700513
ZBRA,-0.17150395744963387,0.0,-0.4051938264225212,-0.478005567094735,1.605066696206817,2.316762132274439
ZBH,-0.2253436637285473,0.0,0.026746964987904007,-0.334239646541129,-0.03659538002608278,0.04555363779859487
ZTS,-0.04019991352848095,0.0,1.1130845409825922,0.5467445410373636,-0.4379409428620266,-2.137969938410463
