Ticker,forwardPE,priceToBook,priceToSalesTrailing12Months,pegRatio,enterpriseValueToEBITDA,Score
MMM,-0.4429240210304747,0.02962336487752245,-0.6116018136244352,-0.4914966200112434,0.0,1.5163990897886308
AOS,-0.013982362461752256,-0.0566183311497704,-0.2485315121067677,0.10615586386888941,0.0,0.21297634184940095
ABT,0.02468928958146645,-0.08941504762227533,0.058050549555600996,0.1929315823872727,0.0,-0.18625637390206481
ABBV,-0.4253215526722655,0.4326379919526123,0.28356876784809293,0.13548850111454014,0.0,-0.4263737082429799
ACN,0.2273980764093843,-0.05074231314691049,-0.32159350595661523,0.26137440262712436,0.0,-0.11643665993298294
ADBE,0.26752718437408335,0.06540934631657816,1.634915459766331,0.09515612490177042,0.0,-2.063008115358763
AMD,0.660605034312805,-0.08828804224746735,1.8316400884944841,0.08048980627894506,0.0,-2.484446886838767
AES,-0.6742340986351013,-0.08047410267633778,-0.7539485439594538,0.03160207753619391,0.0,1.477054667734699
AFL,-0.4945212389676205,-0.1305639055607624,-0.41045928374095386,0.07315664696753241,0.0,0.9623877813018042
A,0.3757225878101062,-0.04641811457348166,0.6074554859967889,0.27726291446851853,0.0,-1.214022873701932
APD,-0.023459208895245894,-0.10163723163081408,0.13601348201201394,0.2405971179114551,0.0,-0.25151415939740907
ABNB,0.6082242986744874,0.025761577465205344,1.1811309327388477,0.06460129443755094,0.0,-1.8797181033160912
AKAM,-0.40544358373849015,-0.11442052490943071,-0.1289425928598354,0.13548850111454014,0.0,0.5133182003932162
ALB,-0.21380044118945873,-0.13844660637368353,-0.5989253402838094,-0.8972647685760781,0.0,1.8484371564230297
ARE,0.9034338614208182,-0.14655473173123568,0.7652746063400643,-0.8508214262704646,0.0,-0.6713323097591822
ALGN,0.3368829045960406,-0.07686107420147278,0.23823913104921643,0.14648824008165912,0.0,-0.6447492015254435
ALLE,-0.2398064908811944,-0.0341893949139537,-0.3096580298309206,0.1770430705458786,0.0,0.40661084508019013
LNT,-0.2724659890265392,-0.13360542802797834,-0.22486225638267895,0.18070965020158497,0.0,0.45022402323561156
ALL,-0.7133689698587246,-0.12164369052627919,-0.8639609853263895,-0.13706058662629758,0.0,1.8360342323376908
GOOGL,0.045681328195925505,-0.04409604015280314,0.645154081157708,-0.006285912239438245,0.0,-0.6404534569613922
GOOG,0.06019136734720328,-0.04329673492633578,0.6444802336453154,-0.005063719020869465,0.0,-0.6563111470453135
MO,-0.781402272908375,-0.16546052017675164,-0.09563505381840998,0.15137701295593425,0.0,0.8911208339476024
AMZN,0.8488021079553641,-0.02092164854305868,-0.24791895045037618,0.013269179257662236,0.0,-0.5932306882195916
AMCR,-0.4198081911790101,-0.10417000663825908,-0.7863957305298516,0.18559842307586008,0.0,1.1247755052712607
AEE,-0.32174648329888245,-0.13708017940419584,-0.35028711322620115,0.26748536871996825,0.0,0.5416284072093112
AAL,-1.0636217496972535,-0.16546052017675164,-1.00796455910854,-0.13461620018916,0.0,2.3716630291717054
AEP,-0.306931142182143,-0.1346120682254285,-0.4272857522018723,0.17582087732730986,0.0,0.693008085282134
AXP,-0.2526544234446304,-0.06653603321064251,-0.2934416488295427,-0.00017494614659434472,0.0,0.6128070516314099
AIG,-0.6758322431707776,-0.14515781048992546,-0.7795209271594281,-0.012396878332282119,0.0,1.6129078591524133
AMT,0.6431953588795525,0.20027529150240778,0.9516199792779182,-0.042951708796501606,0.0,-1.7521389208633769
AWK,0.25764891851832983,-0.12301778099475724,0.44406224756770546,0.268707561938537,0.0,-0.8474009470298152
AMP,-0.5947467056484298,-0.020957358296967394,-0.4093423323145003,-0.06250680029360207,0.0,1.0875531965534995
AME,0.16757451549700286,-0.09529481425288466,0.3651979651984426,0.19537596882441027,0.0,-0.6328536352669711
AMGN,-0.3215421813896211,0.3785210252382711,0.3513706686764718,0.19659816204297909,0.0,-0.6049476745681008
APH,1.014481539924617,-0.016697743690146764,0.4740400124869413,0.25770782297141803,0.0,-1.7295316316928295
ADI,0.5899543789780322,-0.11678569551052244,1.217593419152965,-3.0617689586613857,0.0,1.371006856040911
ANSS,0.7974550186104381,-0.07926996847066622,2.1253641202512945,0.5192571717451367,0.0,-3.3628063421362033
AON,-0.20804127569202566,-0.16546052017675164,0.10600580405284835,0.07682322662323875,0.0,0.19067276519269022
APA,-0.9561967506954374,-0.10733000367057668,-0.702088808895447,-0.2702796474502945,0.0,2.0358952107117556
AAPL,0.44392580531894454,0.4743107695142266,0.8346671683240056,0.17093210445303472,0.0,-1.9238358476102113
AMAT,0.16439873334313806,-0.007821058373025179,0.5922489731821498,0.07315664696753241,0.0,-0.8219832951197951
APTV,-0.6526343856493603,-0.1327210110233793,-0.7784354722588889,-0.08450627822784008,0.0,1.6482971471594685
ACGL,-0.5909901034199939,-0.13225012470387756,-0.401710276255834,-0.07717311891642742,0.0,1.2021236232961328
ADM,-0.6092067330315477,-0.1437471969783009,-0.9707557089465213,-0.4694971420770055,0.0,2.1932067810333753
ANET,1.1107870465512855,0.04249646223831016,3.026158328488621,0.10493367065032067,0.0,-4.284375507928537
AJG,0.2012664741615987,-0.08426168192775957,0.3294455732805866,0.141599467207384,0.0,-0.5880498327218098
AIZ,-0.6703082097102581,-0.13519822647806332,-0.8542850942169163,0.06460129443755094,0.0,1.5951902359676868
T,-0.8578558767069325,-0.1460097774169197,-0.8005885648946016,0.6316989478534644,0.0,1.1727552711649896
ATO,-0.21570479445905721,-0.14035124827672904,0.03894871070255134,0.14037727398881525,0.0,0.17673005804441969
ADSK,0.3114626273296984,0.2504791634994094,1.0769251839617222,0.1257109553659899,0.0,-1.7645779301568199
ADP,0.37572007675898533,0.1988061390938805,0.2981878073624107,0.1697099112344659,0.0,-1.0424239344497426
AZO,-0.17066811608404386,-0.16546052017675164,-0.35246665797429005,0.049934975814725585,0.0,0.6386603184203599
AVB,1.1812033371147648,-0.126168103307805,1.4233654435064793,-0.5794945317481955,0.0,-1.8989061455652432
AVY,0.10975923747006103,-0.030584339607327902,-0.5192297525145507,0.22348641285149218,0.0,0.21656844180032542
AXON,2.1585482372996987,0.029923858137592952,2.1546850848744414,0.2845960737799311,0.0,-4.627753254091664
BKR,-0.4797193598749464,-0.13011514103449673,-0.7356473057234779,-0.09061724432068399,0.0,1.4360990509536051
BALL,0.009375853574308854,-0.11651720738224129,-0.6662256966685051,0.1147112163988709,0.0,0.6586558340775666
BAC,-0.6201883966007204,-0.1464614593534773,-0.23864615549188167,0.019380145350506108,0.0,0.9859158660955732
BK,-0.7052446034595694,-0.1454416598427885,-0.42368898749748224,-0.028285390173676258,0.0,1.3026606409735164
BBWI,-0.45235518028385013,-0.16546052017675164,-0.6793065774844407,0.2124866738843732,0.0,1.0846356040606693
BAX,-0.6242617400275025,-0.12964045882193917,-0.7545147639088244,0.213708867102942,0.0,1.294708095655324
BDX,-0.22956935396939807,-0.12206159243729998,-0.19594151784216335,8.72384024799735,0.0,-8.176267783748488
BRK.B,-1.3878448341126575,-0.16546052017675164,-1.0529517942793916,-0.14928251881198537,0.0,2.755539667380786
BBY,-0.6230814762492125,-0.08111691410313354,-0.9625898597624147,-1.5083613778604676,0.0,3.1751496279752285
BIO,0.3506161221824689,-0.1503674756837232,-0.2636369044961031,0.04871278259615683,0.0,0.014675475401200566
TECH,1.4776050911322105,-0.05862548661289571,1.7778371934495412,0.8736932051300825,0.0,-4.0705100030989385
BIIB,-0.46302679879099956,-0.1294944220638503,-0.19339811770515405,0.4141485549482218,0.0,0.37177078361178206
BLK,-0.1778172181283706,-0.11588827565714731,0.5749668071451984,0.04015743006617537,0.0,-0.3214187434258559
BX,0.06583028139650877,0.05811961810960503,2.733963597805466,-0.003841525802300685,0.0,-2.854071971509279
BA,0.8136098659973908,-0.16546052017675164,-0.6854640369618291,-0.2922791253845325,0.0,0.3295938165257224
BKNG,-0.1334185559923512,-0.16546052017675164,0.36187957238176816,-0.03072977661081382,0.0,-0.03227071960185153
BWA,-0.8278707386822987,-0.14188104533305132,-0.9078565281464404,-0.08572847144640887,0.0,1.9633367836081992
BXP,0.7625405268070153,-0.13784428990561054,-0.21920188779464186,-0.21894753227040575,0.0,-0.1865468168363572
BSX,0.5844821708225932,-0.07570218756257499,0.7933830660543688,0.1660433315787596,0.0,-1.4682063808931467
BMY,-0.9440363090532211,-0.07724691556620704,-0.5679735088062701,-2.3125645156787242,0.0,3.9018212491044224
AVGO,0.3195843431748923,0.21854124623543153,3.0634311143714688,0.10615586386888941,0.0,-3.707712567650682
BR,0.2839710816456312,0.0071509934549569,-0.1234727869132688,0.12448876214742115,0.0,-0.29213805033474044
BRO,0.2524091220944234,-0.09324568393799466,0.4092944870287071,0.1501548197373655,0.0,-0.7186127449225013
BF.B,-1.3878448341126575,-0.16546052017675164,-1.0529517942793916,-0.14928251881198537,0.0,2.755539667380786
BLDR,-0.5471539516107886,-0.09842011855030039,-0.7580272079845295,0.03771304362903781,0.0,1.3658882345165808
BG,-0.65559700746362,-0.142914157361765,-0.990282087814658,-0.3521665930944026,0.0,2.1409598457344456
CDNS,1.5274818902943712,0.19358873379869926,3.716254139022239,0.18559842307586008,0.0,-5.622923186191169
CZR,0.004048728372527602,-0.1370668505877894,-0.88697725101754,-0.7726010602820627,0.0,1.7925964335148645
CPT,2.981876352198283,-0.1271456704523011,0.7537891371376451,-0.34850001343869635,0.0,-3.2600198054449305
CPB,-0.3845473138237294,-0.10683379455570848,-0.6833337287310769,0.17948745698301616,0.0,0.9952273801274986
COF,-0.7742314084209997,-0.1487852662921113,-0.5561277718003643,-1.45580706946201,0.0,2.9349515159754853
CAH,-0.4700532778389174,-0.16546052017675164,-1.0258817883851448,-0.00017494614659434472,0.0,1.6615705325474082
KMX,-0.02244209368840083,-0.13466209284782554,-0.9524827755225219,0.3163730974627194,0.0,0.7932138645960289
CCL,-0.6510340788196631,-0.11910562506419302,-0.837513453958218,-0.14317155271914148,0.0,1.7508247105612156
CARR,0.09904590761373498,-0.08260956388829711,-0.42090064187221554,0.15871017226734693,0.0,0.2457541258794307
CTLT,1.701863927934809,-0.12024802752002224,-0.45334874389544827,0.406815395636809,0.0,-1.5350825521561475
CAT,-0.2983955911619242,-0.0043935739330517014,-0.40950283346423016,0.13548850111454014,0.0,0.5768034974446659
CBOE,0.009544093999415821,-0.0871663452555202,0.22277577185946595,0.13915508077024644,0.0,-0.284308601373608
CBRE,-0.2510212636960999,-0.11112861529644884,-0.8395838272444496,0.0792676130603763,0.0,1.1224660931766222
CDW,0.011187297952430227,0.06359559722758924,-0.7012646044404138,0.1929315823872727,0.0,0.43355012687312167
CE,-0.5982988664647642,-0.12585424700472686,-0.6555105439137023,-0.0722843460421523,0.0,1.4519480034253456
COR,-0.33316918509689086,0.5009968267044915,-1.0133141512527029,0.07560103340466996,0.0,0.7698854762404322
CNC,-0.6733047307146511,-0.140146613947564,-0.9807752659986101,-0.039285129140795266,0.0,1.8335117398016203
CNP,-0.18202727433840682,-0.13441205122774788,-0.4952532757674628,0.14404385364452157,0.0,0.667648747689096
CF,-0.4882756968183335,-0.12336419168508196,-0.4868550599118897,-0.217725339051837,0.0,1.316220287467142
CHRW,0.03959844635814331,-0.05329747072169588,-0.9128822306034183,-1.053705500552882,0.0,1.980286755519853
CRL,-0.14025712471471424,-0.11435425569017342,-0.36601140121586695,0.11593340961743966,0.0,0.5046893720033149
SCHW,-0.16127852867700496,-0.09484973805035683,0.8772892915087402,0.04015743006617537,0.0,-0.6613184548475538
CHTR,-0.8250927488768524,-0.11148514565185888,-0.8748670965941588,-0.003841525802300685,0.0,1.8152865169251708
CVX,-0.5848397022076248,-0.13497402757172258,-0.6681965923961419,0.18070965020158497,0.0,1.2073006719739043
CMG,1.9650543105716503,0.26250968343079617,1.0870275771243854,0.16359894514162204,0.0,-3.4781905162684543
CB,-0.5806119988883214,-0.13547628338613443,-0.5208859551446982,-0.06495118673073963,0.0,1.3019254241498937
CHD,0.5910494762724684,-0.06208716179762029,0.030391230795673952,0.25404124331571165,0.0,-0.8133947885862337
CI,-0.6518477988857071,-0.12736261331918944,-0.9363366493407305,-0.028285390173676258,0.0,1.7438324517193031
CINF,-0.19830565149022886,-0.1412596744271441,-0.6182381539023512,0.16237675192305323,0.0,0.7954267278966709
CTAS,1.545189822799662,0.10481508420239004,0.7935055140565291,0.3065955517141692,0.0,-2.7501059727727504
CSCO,-0.45453212210291705,-0.0961243855738333,-0.18128284169429115,0.27481852803138096,0.0,0.4571208213396606
C,-0.7680149526138643,-0.15492097292707013,-0.6187916812218758,-0.013619071550850898,0.0,1.555346678313661
CFG,-0.7446779410094916,-0.15269175853509756,-0.4849265224343434,1.5226778041901041,0.0,-0.14038158221117158
CLX,0.06973419862404312,2.8500735257715144,-0.47490555509004956,0.08048980627894506,0.0,-2.5253919755844527
CME,0.10032521840846435,-0.11949205154082383,2.3284105693536543,0.7111415070604351,0.0,-3.02038524328173
CMS,-0.16254479595618912,-0.1257919024357394,-0.4175576060549043,0.16359894514162204,0.0,0.5422953593052109
KO,0.07276378180152958,0.0019864112142795815,0.4051817285710232,0.307817744932738,0.0,-0.7877496665195703
CTSH,-0.4208875944039399,-0.12417264682293425,-0.6147031204093957,0.13182192145883376,0.0,1.027941440177436
CL,0.32197318980800343,5.313705909297382,-0.08556841280024505,0.23815273147431756,0.0,-5.788263417779459
CMCSA,-0.7777917301534774,-0.1349491285342756,-0.7403146306633637,-0.01728565120655724,0.0,1.670341140557674
CMA,-0.7619086342989528,-0.14452874511810304,-0.5100365524687557,-0.2727240338874321,0.0,1.6891979657732437
CAG,-0.5968997924818471,-0.1393065122423158,-0.7530077306068289,1.8233373359580238,0.0,-0.3341233006270319
COP,-0.4885391479317785,-0.1184261162015685,-0.4331245846087781,0.25526343653428046,0.0,0.7848264122078445
ED,-0.18056102973800314,-0.14012760025568363,-0.48152843573709553,0.21615325354007955,0.0,0.5860638121907028
STZ,-0.21105467654006538,-0.08731407704528704,0.10786182282068939,0.05604594190756949,0.0,0.13446098885709354
CEG,0.3923616495548919,-0.06776283031581659,-0.34607125498573277,-0.019730037643694798,0.0,0.04120247339035227
COO,0.3305122981506437,-0.12450729986083096,0.25226894058344856,0.1501548197373655,0.0,-0.6084287586106267
CPRT,0.9587306946762374,-0.04632669695154016,2.059514113318736,0.05849032834470704,0.0,-3.03040843938814
GLW,-0.2567840562673747,-0.1234274147368333,-0.44800762092710655,0.05604594190756949,0.0,0.7721731500237451
CPAY,-0.5103643672584691,-0.16546052017675164,0.2287782971300396,-0.011174685113713365,0.0,0.4582212754188945
CTVA,-0.24984832381691294,-0.1395386859467339,-0.4746844113754996,0.03037988431762513,0.0,0.8336915368215213
CSGP,3.3803186443485016,-0.08598502063478485,2.4453811945248947,0.7196968595904166,0.0,-6.459411677829028
COST,1.796829649285584,0.11166139864175023,-0.7020044635247937,0.45203654472385385,0.0,-1.6585231291263944
CTRA,-0.7167552269225229,-0.13930926666879256,-0.10640778113393741,-0.019730037643694798,0.0,0.9822023123689478
CCI,1.3938309851248922,-0.044843353542224074,0.5621244883896446,-0.660159284173735,0.0,-1.2509528357985777
CSX,-0.3154967560643938,-0.08069325723359831,0.054949366480483215,0.08171199949751384,0.0,0.2595286473199951
CMI,-0.4678349036763541,-0.09525029359392667,-0.7688436296164471,0.11715560283600845,0.0,1.2147732240507194
CVS,-0.8720420321144534,-0.14954835651484288,-1.003139481851626,0.3383725753969575,0.0,1.6863572950839647
DHR,0.7505550008008026,-0.10542574640933504,0.999146084331345,0.4165929413853593,0.0,-2.060868280108172
DRI,-0.27008007195306905,-0.026088496258767187,-0.6469516537146199,0.05849032834470704,0.0,0.8846298935817491
DVA,-0.4326397321587395,0.0503795982180179,-0.8070446426125379,-0.014841264769419679,0.0,1.2041460413226792
DAY,0.7989658343682398,-0.16546052017675164,0.5183356576797811,0.06460129443755094,0.0,-1.2164422663088201
DECK,0.6583195592841751,0.011074975491151494,0.3168694781062092,0.03160207753619391,0.0,-1.0178660904177295
DE,-0.3514410578331067,-0.08650134847180041,-0.5863750757245574,-0.4132762540228417,0.0,1.4375937360523061
DAL,-0.8884019277508617,-0.11607432657170406,-0.9104268104322366,-0.04784048167077673,0.0,1.9627435464255791
DVN,-0.7869654369155303,-0.12340510225253346,-0.5144660081233782,0.012046986039093457,0.0,1.4127895612523484
DXCM,2.666379309931194,0.21199989081267806,2.346792367439101,0.1012670909946143,0.0,-5.326438659177588
FANG,-0.7139560675610983,-0.13156322126555775,0.0012360373615496966,0.08660077237178895,0.0,0.7576824790933174
DLR,6.270435601274832,-0.1254141173609901,1.1254102877146295,-1.0072621582472683,0.0,-6.263169613381202
DFS,-0.7138676925119231,-0.12797051035309467,-0.26864193256419344,-0.3594997524058154,0.0,1.4699798878350268
DG,-0.18908200271143613,-0.09006624456636275,-0.8532987432712472,-4.7251739291334935,0.0,5.85762091968254
DLTR,-0.38508272572386265,-0.108490730396748,-0.8459908193710572,0.07682322662323875,0.0,1.2627410488684292
D,-0.277219478550012,-0.1369593937285948,-0.2683838490906569,-0.02950758339224504,0.0,0.7120703047615088
DPZ,0.5924857277622603,-0.16546052017675164,-0.07765283852441301,0.17459868410874105,0.0,-0.5239710531698367
DOV,-0.09473930104434934,-0.08543787907766895,-0.3124391755433507,0.141599467207384,0.0,0.35101688845798495
DOW,-0.4095067434579482,-0.12864127024451966,-0.8164052393946868,-0.06372899351217086,0.0,1.4182822466093254
DHI,-0.7012080887825621,-0.13122544382792378,-0.7198975087642775,0.14648824008165912,0.0,1.4058428012931041
DTE,-0.2566882178162566,-0.13026287771377804,-0.5638519174658281,0.2699297551571058,0.0,0.6808732578387569
DUK,-0.2430619989081506,-0.1379924959782796,-0.36881605179838234,0.15748797904877812,0.0,0.5923825676360345
DD,-0.06703054943831588,-0.14237275772445834,-0.36298741308250304,0.09760051133890799,0.0,0.47479020890636925
EMN,-0.6090186134517328,-0.13071934322531156,-0.7322790578402542,0.09637831812033917,0.0,1.3756386963969593
ETN,0.5910819106827813,-0.05391791261985647,0.328276020429079,0.12448876214742115,0.0,-0.9899287806394249
EBAY,-0.6708392272709294,-0.09735222414558645,-0.4176725324986372,0.02426891822478123,0.0,1.1615950656903717
ECL,0.7998219632976605,-0.0031159112089941612,0.012136260040813288,0.1257109553659899,0.0,-0.9345532674954695
EIX,-0.4475562128345193,-0.13006757420803278,-0.6114068469125697,0.09760051133890799,0.0,1.0914301226162137
EW,0.604989018559339,-0.042505394718916886,1.1104003250978398,0.22348641285149218,0.0,-1.896370361789754
EA,-0.32704194135597103,-0.09146648252831215,0.06452547323095206,0.02549111144335001,0.0,0.32849183920998104
ELV,-0.469931491859549,-0.11434047377876073,-0.8695639278055128,-0.0013971393651631247,0.0,1.4552330328089857
LLY,1.3877929534501878,0.716523690206461,3.9861266657149095,-0.028285390173676258,0.0,-6.062157919197882
EMR,-0.07994781491325936,-0.1151085203393123,-0.08628555875753192,0.03771304362903781,0.0,0.24362885038106574
ENPH,0.17568123478689077,0.10914980175125139,1.0522532352217628,0.16726552479732837,0.0,-1.5043497965572334
ETR,-0.3679220628601093,-0.13828653344943032,-0.5536831910855874,0.13304411467740257,0.0,0.9268476727177244
EOG,-0.6707957721362522,-0.12296319119569664,-0.26784113401137144,0.14404385364452157,0.0,0.9175562436987988
EPAM,-0.20984874423920533,-0.11443383090810302,-0.473023309835587,0.1257109553659899,0.0,0.6715949296169055
EQT,-0.6053745900152218,-0.14592220621301671,-0.03428536353828912,0.17093210445303472,0.0,0.6146500553134928
EFX,0.4289787735211926,-0.05560488148852154,0.368360978452869,0.08048980627894506,0.0,-0.8222246767644852
EQIX,3.2510884446775425,-0.06483912721876517,1.3301283042095813,0.4129263617296529,0.0,-4.929303983398012
EQR,1.4328858514697433,-0.12794216746763268,1.117778380107774,-4.375626668622823,0.0,1.9529046045129386
ESS,1.8764972101901873,-0.11523141502548194,1.5292249454588696,-13.48707711305307,0.0,10.196586372429495
EL,0.8184939999305758,-0.028368949502559995,-0.27395705172363016,0.22837518572576732,0.0,-0.744543184430153
ETSY,0.20005496174713638,-0.16546052017675164,-0.3807960882093649,0.02426891822478123,0.0,0.3219327284141989
EG,-0.9911632770582008,-0.14506632604461972,-0.7776552342818994,0.2589300161899868,0.0,1.6549548211947331
EVRG,-0.44568771179481526,-0.1440354354853071,-0.4872851990344508,0.14648824008165912,0.0,0.930520106232914
ES,-0.5038435162543325,-0.14145594442691345,-0.5888422458565848,0.24181931113002392,0.0,0.9923223954078069
EXC,-0.3568065114401932,-0.14133190885403746,-0.6230991589717397,0.31148432458844433,0.0,0.809753254677526
EXPE,-0.853412069538099,0.11333597585094624,-0.7668931460128317,-0.08817285788354642,0.0,1.5951420975835309
EXPD,0.19974059209707118,-0.04194983667758445,-0.5907193942655341,-0.32527834228588953,0.0,0.758206981131937
EXR,0.752466956975184,-0.12881159811042478,1.7879717511712687,0.5437010361165122,0.0,-2.9553281461525405
XOM,-0.5345666801039963,-0.12800060857424628,-0.6569806621986798,0.08660077237178895,0.0,1.2329471785051334
FFIV,-0.504512816005209,-0.1087542132920646,-0.1457826694034347,0.0670456808746885,0.0,0.6920040178260197
FDS,0.40129903850589077,-0.010660220135298071,0.9125363287197622,0.19782035526154784,0.0,-1.5009955023519028
FICO,1.993936769322491,-0.16546052017675164,4.32571859579555,0.14648824008165912,0.0,-6.300683085022948
FAST,0.6264549483214666,0.015263773630270946,0.22151640566226397,0.4618140904724041,0.0,-1.3250492180864057
FRT,0.8925585687671876,-0.11530524180424971,0.7811702324616677,0.25770782297141803,0.0,-1.8161313823960237
FDX,-0.5434423041725606,-0.12634166640244174,-0.8739776970520995,-0.05028486810791427,0.0,1.594046535735016
FIS,-0.4012525696661214,-0.12556107660747293,0.03738148019116894,-3.3355402396207925,0.0,3.824972405703218
FITB,-0.6344513064708399,-0.14003406710382094,-0.2517076386045048,0.15137701295593425,0.0,0.8748159992232314
FSLR,-0.740793972688085,-0.11552026798147143,0.4151630097978258,-0.1187276883477659,0.0,0.5598789192194965
FE,-0.42146182296931856,-0.13516539827800722,-0.6054629353653985,0.14037727398881525,0.0,1.021712882623909
FI,-0.3342602368089653,-0.11481906923272107,0.10826796223379487,-0.011174685113713365,0.0,0.3519860289216049
FMC,-0.5023892688981735,-0.13527204184796404,-0.5663472439580208,0.31270651780701303,0.0,0.8913020368971454
F,-0.9417263652264454,-0.14682165684472914,-0.984931835059936,-0.4377201183942172,0.0,2.5111999755253276
FTNT,0.7982928029163917,-0.16546052017675164,1.0989232681647145,0.13548850111454014,0.0,-1.8672440520188949
FTV,-0.09719266774098628,-0.12320728064684348,0.04354717874407145,0.10371147743175185,0.0,0.07314129221200649
FOXA,-0.7768224644207714,-0.14171132865645314,-0.790147404699088,-0.06006241385646451,0.0,1.768743611632777
FOX,-0.4816699583360231,-0.1433885918389235,-0.7901473304731824,-0.14928251881198537,0.0,1.5644883994601142
BEN,-0.7786489751056188,-0.14927016204843174,-0.6626594635532574,0.03649085041046903,0.0,1.5540877502968389
FCX,0.3393786104046343,-0.09068376579455507,-0.24266870473237487,0.0022694402905432155,0.0,-0.008295580168247583
GRMN,0.5572298027578015,-0.09160908195773856,0.4342365438388992,0.5021464666851738,0.0,-1.402003731324136
IT,1.0429814121366054,0.6337672400832459,0.3954263167747562,0.3004845856213253,0.0,-2.372659554615933
GE,0.838213842395148,-0.069917044445552,-0.4300795410602114,0.02671330466191879,0.0,-0.3649305615513033
GEHC,-0.18829639246766333,-0.08327586617237659,-0.5787205044745463,0.053601555470431925,0.0,0.7966912076441544
GEV,0.6268932662449213,-0.16546052017675164,-0.7254892431316654,-0.14928251881198537,0.0,0.41333901587548116
GEN,-0.683861747638695,-0.04976326773921062,-0.03572485126625021,-0.02217442408083236,0.0,0.7915242907249882
GNRC,-0.10475546545749778,-0.10525648282774312,-0.5134071013550511,0.08904515880892652,0.0,0.6343738908313654
GD,-0.10983811193208164,-0.10310791608720415,-0.5822317114518257,0.04137962328474415,0.0,0.7537981161863674
GIS,-0.32833715547446685,-0.09600447186164351,-0.5596839101924597,0.10982244352459578,0.0,0.8742030940039742
GM,-1.0587907314704197,-0.15314197589909187,-0.9790809805305307,-0.09795040363209667,0.0,2.288964091532139
GPC,-0.39489375121070924,-0.08659422642872604,-0.824929193934232,0.11837779605457721,0.0,1.1880393755190903
GILD,-0.7272061868124144,-0.08704858292969096,-0.29249484792053815,0.26137440262712436,0.0,0.8453752150355192
GPN,-0.8083878417915605,-0.14502858225269744,-0.34821195484325956,-0.0661733799493084,0.0,1.367801758836826
GL,-0.92100930066002,-0.1392712572132515,-0.6984235089382821,-0.09061724432068399,0.0,1.8493213111322375
GS,-0.5923282146618067,-0.14121979065772836,-0.2543293718138194,-0.0661733799493084,0.0,1.054050757082663
HAL,-0.7134625065129818,-0.10872753773103203,-0.6942717571382252,-0.05395144776362061,0.0,1.5704132491458598
HIG,-0.7577000428687369,-0.1324827384645967,-0.7517057092559142,-0.03072977661081382,0.0,1.6726182672000616
HAS,-0.38205279378927615,-0.029836146105304953,-0.6177966334742752,-0.03072977661081382,0.0,1.06041534997967
HCA,-0.416739093822078,-0.16546052017675164,-0.7393509557318348,0.04137962328474415,0.0,1.2801709464459206
DOC,1.3324605469705546,-0.13977517057306385,0.4782649510298532,-0.7029360468236422,0.0,-0.9680142806037016
HSIC,-0.45699406822421734,-0.12206797325366475,-0.8631275026331647,0.20882009422866687,0.0,1.23336944988238
HSY,0.08126334108901406,0.0006359925151201033,-0.14663329828083757,1.1939078283951028,0.0,-1.1291738637183995
HES,-0.3879901741648803,-0.0852670394425841,0.024669551609666895,0.10737805708745822,0.0,0.3412096049103393
HPE,-0.777177917657233,-0.1477941291151623,-0.8484064024987397,0.28215168734279356,0.0,1.4912267619283415
HLT,0.3364339147053217,-0.16546052017675164,1.739373576622267,0.07560103340466996,0.0,-1.9859480045555071
HOLX,-0.20929728951246585,-0.10655770975180119,0.040773604074005695,0.1550435926116406,0.0,0.1200378025786207
HD,0.08691780970498564,2.883488304578478,-0.49706371982930686,0.5021464666851738,0.0,-2.97548886113933
HON,-0.0661612374905097,-0.03260561598820149,-0.1536993323258812,0.15626578583020936,0.0,0.09620039997438304
HRL,0.119699303083959,-0.12414852847796204,-0.6475173045987148,0.27359633481281215,0.0,0.3783701951799057
HST,-0.42181389326190877,-0.1340407203120802,-0.45061393989003906,-0.0783953121349962,0.0,1.0848638655990244
HWM,0.6206568615316579,-0.02860098956024964,0.1677607677771769,0.05237936225186315,0.0,-0.8121960020004484
HPQ,-0.7918046509342173,-0.16546052017675164,-0.9107625960578816,0.21981983319578588,0.0,1.6482079339730644
HUBB,0.1811226825660976,-0.048191244836048266,-0.10213442255864975,0.2699297551571058,0.0,-0.3007267703285054
HUM,-0.1621193820454398,-0.1220900559307852,-0.9557385959008325,1.4175691873931893,0.0,-0.1776211535161316
HBAN,-0.699776161880812,-0.14563873009309047,-0.2989134341335901,-0.41205406080427287,0.0,1.5563823869117654
HII,-0.4465321224856714,-0.12556904977571215,-0.8376923631325199,0.13915508077024644,0.0,1.270638454623657
IBM,-0.2552720547354326,-0.05666518899663826,-0.43400807082036336,0.5009242734666051,0.0,0.24502104108582912
IEX,0.31818743148599615,-0.08945541382378407,0.23658505622836093,0.12326656892885234,0.0,-0.5885836428194253
IDXX,1.622989859184442,0.3024152274842774,1.9282953307411552,0.34937231436407645,0.0,-4.203072731773951
ITW,0.2099345528798703,0.238093909294256,0.099019315436567,0.43859241931959725,0.0,-0.9856401969302905
ILMN,1.65030800283832,-0.11526333051617295,-0.07861220835342098,0.6732535172848029,0.0,-2.129685981253529
INCY,-0.6433951125524813,-0.12672269322527518,-0.2098547679627408,-0.07717311891642742,0.0,1.0571456926569247
IR,0.40728559363261446,-0.10360131373126027,0.28407016383996503,0.224708606070061,0.0,-0.8124630498113801
PODD,2.133003872257127,0.10483687513848128,0.769494596489274,0.3444835414898013,0.0,-3.3518188853746835
INTC,-0.25438425866131914,-0.1446079666611537,-0.4456507999746376,-0.06006241385646451,0.0,0.9047054391535749
ICE,0.07926705544781915,-0.11620091447112597,1.2903083326685425,0.1501548197373655,0.0,-1.4035292933826011
IFF,0.1853494791169406,-0.13643249476132582,-0.4980842765464422,0.10615586386888941,0.0,0.343011428321938
IP,-0.35704565418375844,-0.13760074156073013,-0.8643225397122385,-0.01850784442512602,0.0,1.3774767798818532
IPG,-0.6513995762606086,-0.11433906559859745,-0.7374622280816225,0.0670456808746885,0.0,1.4361551890661401
INTU,1.0587462095827629,0.013011883300090636,1.9814640891331652,0.1892650027315664,0.0,-3.2424871847475853
ISRG,2.3918102386423827,-0.00033617334574047346,3.729577689065329,0.4654806701281105,0.0,-6.586532424490082
IVZ,-0.7779963808198389,-0.1543358196326398,-0.7445162127880014,-0.0319519698293826,0.0,1.7088003830698628
INVH,1.8234382117435197,-0.1305431593509265,1.1225592706831247,0.318817483899857,0.0,-3.1342718069755753
IQV,-0.09473072161968578,-0.05724777464404406,-0.3613621873969311,0.09515612490177042,0.0,0.4181845587588905
IRM,1.3418052842145156,20.993976850885424,-0.0017060053721063705,0.9665798897413099,0.0,-23.300656019469145
JBHT,-0.03069794151430828,-0.09893321604809885,-0.7175080036714057,0.14893262651879668,0.0,0.6982065347150161
JBL,-0.6237678302222859,-0.07910343160830247,-0.9459933703730014,-0.02217442408083236,0.0,1.671039056284422
JKHY,0.6652043731980165,-0.052681548364730595,0.33835688807913766,0.3860381109211398,0.0,-1.3369178238335633
J,-0.32569260013553375,-0.12342442887333899,-0.8028926359702055,0.06215690800041338,0.0,1.1898527569786648
JNJ,-0.4027891236979132,-0.07883160720132432,0.022168880852275887,0.1892650027315664,0.0,0.2701868473153952
JCI,-0.20788335847708275,-0.11706254144884669,-0.6241987167943303,0.053601555470431925,0.0,0.8955430612498279
JPM,-0.5226484293424005,-0.13421261119277306,-0.08292579736950724,1.1279093945923886,0.0,-0.3881225566877078
JNPR,-0.2994713673130126,-0.12452845841971927,-0.5315072863549077,0.057268135126138264,0.0,0.8982389769615013
K,-0.26964238179239486,-0.05691044215222558,-0.6517739623452576,0.1024892842131831,0.0,0.8758375020766951
KVUE,-0.2270225203699237,-0.10531487992872662,-0.42671507869816966,1.3454597874976313,0.0,-0.5864073085008112
KDP,-0.2505934084856496,-0.1352136088905412,-0.29472476731651504,0.1599323654859157,0.0,0.5205994192067902
KEY,-0.7328619807053667,-0.14581776944391764,-0.42783522183856115,-0.4303869590828045,0.0,1.73690193107065
KEYS,0.10696415856670789,-0.0725614568470513,0.2187750945191365,0.5681449004878879,0.0,-0.821322696726681
KMB,-0.14719355467937625,0.5405748547813435,-0.5041419269228579,0.23815273147431756,0.0,-0.12739210465342696
KIM,0.6434009163143746,-0.1455763724853978,0.6852476246445713,-0.06372899351217086,0.0,-1.1193431749613774
KMI,-0.305873919908782,-0.14199847191222126,-0.34536217491018056,0.224708606070061,0.0,0.5685259606611228
KLAC,0.44848413036917967,0.3649639988937907,1.541908668196269,0.5045908531223113,0.0,-2.859947650581551
KHC,-0.600681505221493,-0.15107677472808861,-0.6457572351847589,0.20882009422866687,0.0,1.1886954209056737
KR,-0.5569598503682632,-0.09386283193325021,-0.9879209988726209,0.03893523684760659,0.0,1.5998084443265277
LHX,-0.2896528784242229,-0.12847521744408702,-0.5324762065837609,0.07804541984180753,0.0,0.8725588826102633
LH,-0.46517200371395384,-0.129109363021429,-0.6958867396488335,0.0548237486890007,0.0,1.2353443576952157
LRCX,0.3852371000104149,0.07679863902385281,1.0187612695470576,0.20637570779152933,0.0,-1.6871727163728547
LW,-0.4194719195830562,-0.04932267685127687,-0.5797320303731751,-0.01850784442512602,0.0,1.0670344712326343
LVS,-0.32622368744762525,-0.020999000661749083,-0.27965084671112544,-0.07717311891642742,0.0,0.7040466537369272
LDOS,-0.2679805542102332,-0.08858126642938029,-0.7364427847530702,0.04749058937758805,0.0,1.0455140160150955
LEN,-0.6797441120601952,-0.13722090940926204,-0.7300470353769537,2.158218277845869,0.0,-0.6112062209994582
LIN,0.3764173119535828,-0.07819416609123915,0.5173092618580771,0.2124866738843732,0.0,-1.028019081604794
LYV,1.3178939394176343,-0.16546052017675164,-0.816794653237079,-0.05028486810791427,0.0,-0.28535389789588944
LKQ,-0.6732127983430546,-0.13389817140763646,-0.8456049931140991,-0.10772794938064688,0.0,1.7604439122454372
LMT,-0.22772666095510408,0.10762407766047079,-0.6555344693972524,0.42514829391534076,0.0,0.3504887587765449
L,0.4819740889213751,-0.14807361213161635,-0.7924702301868232,-0.14928251881198537,0.0,0.6078522722090498
LOW,-0.18931315891740813,-0.16546052017675164,-0.6741633902641858,0.2980401991841877,0.0,0.730896870174158
LULU,0.08803892427909196,-0.002641954274414215,0.03264834161504418,0.10860025030602698,0.0,-0.22664556192574892
LYB,-0.6754343113195191,-0.12423039524833325,-0.8536176053904307,0.053601555470431925,0.0,1.5996807564878512
MTB,-0.7248614928281808,-0.14885065702860473,-0.32926475329340266,-0.14928251881198537,0.0,1.3522594219621733
MRO,-0.8388404329077946,-0.14368781219539734,-0.48223877765304185,-0.06372899351217086,0.0,1.5284960162684047
MPC,-0.642322056706774,-0.12010856715887643,-0.9466894015343611,-0.3692772981543656,0.0,2.078397323554377
MKTX,0.50072110833082,-0.06474893686495206,1.5970758353849,0.3383725753969575,0.0,-2.3714205822477252
MAR,0.14752586483841953,-0.16546052017675164,1.5819327609775224,0.31270651780701303,0.0,-1.8767046234462033
MMC,0.15706088395621617,-0.029692394380305114,0.046355144750367255,0.27481852803138096,0.0,-0.4485421623576593
MLM,0.25682180617964073,-0.0997207000584503,0.27410117937151257,0.14771043330022793,0.0,-0.5789127187929309
MAS,-0.3146518571135974,-0.16546052017675164,-0.569857510740497,0.07071226053039484,0.0,0.9792576275004513
MA,0.5403526096650411,0.798762552627769,3.0666067460298354,0.05237936225186315,0.0,-4.458101270574509
MTCH,-0.5029091262316405,-0.16546052017675164,-0.45607555624502844,-0.0612846070750333,0.0,1.1857298097284539
MKC,0.28822752254998624,-0.10358285092467528,-0.3190692313612648,0.26626317550139944,0.0,-0.1318386157654456
MCD,0.04279473542949603,-0.16546052017675164,0.8321206012150267,0.26137440262712436,0.0,-0.9708292190948955
MCK,-0.2897948574396894,-0.16546052017675164,-0.9941865461136459,0.03404646397333147,0.0,1.4153954597567553
MDT,-0.288204071678826,-0.1295096854981431,-0.17958554265444715,0.42881487357104714,0.0,0.16848442626036914
MRK,-0.47185990936905686,-0.031295698767117366,0.2859477823463162,-0.12117207478490347,0.0,0.3383799005747615
META,0.03710727439185135,-0.03496340505230317,1.0223102575102536,-0.05395144776362061,0.0,-0.9705026790861812
MET,-0.8595846168263269,-0.13512179032841432,-0.8596900019800789,-0.14928251881198537,0.0,2.0036789279468055
MTD,0.9877752557272228,-0.16546052017675164,1.0726683282794311,0.3505945075826452,0.0,-2.2455775714125474
MGM,-0.4990558485350461,-0.10454018362851518,-0.8614362035206845,0.0010472470719744354,0.0,1.4639849886122713
MCHP,0.1787389975380684,-0.04101285902242394,0.599066375185628,-0.8312663347733641,0.0,0.09447382107209157
MU,-0.26887490691782934,-0.11393328805358884,0.8216439857786373,-6.778458536329043,0.0,6.339622745521824
MSFT,0.822580735630003,0.03563006819291819,2.2132203762364537,0.11959998927314602,0.0,-3.191031169332521
MAA,0.8727576751525434,-0.1223068716702977,0.8370370282938798,1.1120208827509945,0.0,-2.69950871452712
MRNA,-3.1435196038535986,-0.10073454577037007,1.3925609504514218,-0.10406136972494055,0.0,1.9557545688974873
MHK,-0.6409337244425412,-0.14905747371105516,-0.8801908507006059,-0.0026193325837319047,0.0,1.6728013814379339
MOH,-0.48445478378063206,-0.09106235274967511,-0.9075773892577009,-0.014841264769419679,0.0,1.4979357905574278
TAP,-0.7191074889358297,-0.15057479272648627,-0.8049940703237056,0.1550435926116406,0.0,1.5196327593743808
MDLZ,-0.06646354014491007,-0.11067881908263302,-0.3988363729034568,0.1770430705458786,0.0,0.39893566158512134
MPWR,1.6559104368949509,0.10851846764472148,3.7567211130398372,0.11959998927314602,0.0,-5.640750006852656
MNST,0.4713912639719211,-0.05835517306588439,0.858928895226055,0.1257109553659899,0.0,-1.3976759414980815
MCO,0.9367532777510458,0.1791390776951724,1.9479058149828508,0.17459868410874105,0.0,-3.23839685453781
MS,-0.4704580453293386,-0.13608450801750818,-0.3131295754326773,0.07193445374896362,0.0,0.8477376750305605
MOS,-0.5760231924675342,-0.15211969577473586,-0.8623608479968876,0.04871278259615683,0.0,1.5417909536430008
MSI,0.42776523831554936,1.7534076696535392,0.435649483434648,0.20270912813582295,0.0,-2.8195315195395594
MSCI,0.722782914905384,-0.16546052017675164,2.7325090174767137,0.1733764908901723,0.0,-3.4632079030955185
NDAQ,0.06169123213206046,-0.11097341884794618,0.3898262196220116,0.213708867102942,0.0,-0.5542529000090679
NTAP,-0.23949316750242947,0.20769643355957065,-0.1403503722811306,0.1012670909946143,0.0,0.0708800152293751
NFLX,0.5496598206450273,0.03872949880967209,0.8426491747852892,-0.0026193325837319047,0.0,-1.4284191616562567
NEM,-0.5849692305946165,-0.1370086034319159,-0.10437777684352816,-0.14928251881198537,0.0,0.9756381296820459
NWSA,0.7444399635583878,-0.13507155219721934,-0.6764377214936397,-2.107236054959169,0.0,2.1743053650916404
NWS,-1.3878448341126575,-0.13415838158794402,-0.6764379441713563,-0.14928251881198537,0.0,2.347723678683943
NEE,0.05437933027338906,-0.1130785210646496,0.3727888011375699,0.2014869349172542,0.0,-0.5155765452635636
NKE,0.24405513402053686,-0.005886994631661145,-0.3855704716469971,0.07315664696753241,0.0,0.07424568529058898
NI,-0.28577246742523776,-0.13841836290834883,-0.4348881921242311,0.130599728240265,0.0,0.7284792942175528
NDSN,0.30393854165130224,-0.07250142990791587,0.3968680065379148,0.09882270455747673,0.0,-0.727127822838778
NSC,-0.22042891863469827,-0.09747374487819402,0.022717286584318836,0.17582087732730986,0.0,0.11936449960126364
NTRS,-0.5454092244659239,-0.14004056200885634,-0.40445458117715144,-0.02217442408083236,0.0,1.112078791732764
NOC,-0.19517158068554094,-0.08566558376587448,-0.6233904956509551,-0.07106215282358352,0.0,0.975289812925954
NCLH,-0.7491326852009855,0.13868584282911792,-0.8655008264786304,-0.11994988156633468,0.0,1.5958975504168327
NRG,-0.4498477562366917,-0.059974766055187,-0.9041567774723208,0.27726291446851853,0.0,1.136716385295681
NUE,-0.3882101003922279,-0.1329577987996055,-0.7538805035460489,-0.37661045746577826,0.0,1.6516588602036604
NVDA,0.6216697219018811,0.6986938475661295,8.185693557017341,-0.02706319695510748,0.0,-9.478993929530244
NVR,-0.3374920991045322,-0.07432472984847506,-0.44936652406362776,0.19659816204297909,0.0,0.664585190973656
NXPI,-0.2141270870894488,-0.03889335229613379,0.22227623151523207,0.08171199949751384,0.0,-0.050967791627163306
ORLY,0.11764930884934274,-0.16546052017675164,-0.13586730078074508,0.11837779605457721,0.0,0.06530071605357676
OXY,-0.4467943180735559,-0.12477391856475187,-0.5378874235488937,0.09760051133890799,0.0,1.0118551488482934
ODFL,0.38814866378521423,-0.0179548541551085,0.6196862575166605,0.20393132135439176,0.0,-1.193811388501158
OMC,-0.605440644609988,-0.07950213891540803,-0.7399146767423859,0.03526865719190025,0.0,1.3895888030758816
ON,-0.3178843820476545,-0.10234914493557518,-0.09797514920016569,0.1024892842131831,0.0,0.4157193919702123
OKE,-0.3677458010216992,-0.11766327534407417,-0.38772091984011725,0.3811493380468647,0.0,0.4919806581590259
ORCL,-0.005132093034368164,0.8178566118274047,0.5464461462355035,0.10004489777604554,0.0,-1.4592155628045855
OTIS,0.20442879429139793,-0.16546052017675164,-0.3758450223745967,0.13915508077024644,0.0,0.19772166748970396
PCAR,-0.5467014392733583,-0.11179912908231289,-0.6646155635837249,0.08048980627894506,0.0,1.242626325660451
PKG,-0.10664342714338948,-0.09945020070988965,-0.5316921088596838,-0.3289449219415959,0.0,1.0667306586545588
PANW,2.2112607804430886,0.2182189946360328,2.3226283713126694,0.28337388056136237,0.0,-5.0354820269531535
PARA,-0.7889790906603121,-0.1595996166409774,-0.9839156304550617,-0.12117207478490347,0.0,2.0536664125412547
PH,0.04858117373216026,-0.06693314164652103,-0.17908320646777148,0.06826787409325728,0.0,0.12916730028887496
PAYX,0.372048013251623,0.03126299835674112,1.0938086084341527,0.2784851076870873,0.0,-1.7756047277296043
PAYC,0.05042316923225373,-0.05191255649805089,0.4515629237735791,0.11837779605457721,0.0,-0.5684513325623591
PYPL,-0.4268251840338042,-0.11200580559868227,-0.5045361901910783,-0.0319519698293826,0.0,1.0753191496529475
PNR,-0.1628173845056576,-0.09718462462874763,-0.2104399402599908,0.02549111144335001,0.0,0.444950837951046
PEP,0.048088589203924025,0.04890580077075763,-0.37842719317626256,0.23326395860004243,0.0,0.0481688446015385
PFE,-0.6587642799442412,-0.13679522665090393,-0.3214023000239634,-1.2810334392066747,0.0,2.3979952458257836
PCG,-0.5112391198170375,-0.1402819557076999,-0.5532098030020695,0.018157952131937355,0.0,1.1865729263948697
PM,-0.3772084879169271,-0.16546052017675164,0.015187934436940918,0.0548237486890007,0.0,0.4726573249677372
PSX,-0.6617981877097694,-0.13127194799991268,-0.9492799598633521,-0.40472090149286016,0.0,2.1470709970658945
PNW,-0.2735267686223215,-0.14204105632345476,-0.5843092945476814,0.141599467207384,0.0,0.8582776522860737
PNC,-0.6062487148110098,-0.14239310788362328,-0.2779659186555368,-5.335048345199315,0.0,6.361656086549485
POOL,0.37954440761626823,0.00545657296626124,-0.4151845048871551,-0.5367177690982884,0.0,0.5669012934029141
PPG,-0.38384261522718877,-0.10075597814206788,-0.6238271666532029,0.04382400972188171,0.0,1.064601750300578
PPL,-0.2600062231155578,-0.1401525270003792,-0.39435993225063226,0.16237675192305323,0.0,0.6321419304435161
PFG,-0.6859608468730108,-0.1363062426085632,-0.721625685780823,-0.039285129140795266,0.0,1.5831779044031922
PG,0.2897919771497891,-0.03454243415604231,0.1116039960740176,0.24548589078573024,0.0,-0.6123394298534947
PGR,-0.17677492265889538,-0.07389373544757984,-0.586671039151884,-0.06372899351217086,0.0,0.9010686907705301
PLD,1.3032566039248057,-0.1337924959615419,1.946491564062771,-1.058594273427157,0.0,-2.0573613985988777
PRU,-0.8102649920073481,-0.13936805330109436,-0.8746436271345689,-0.040507322359364044,0.0,1.8647839948023752
PEG,-0.09449377604585145,-0.12689163409891305,-0.15606421916008484,0.32126187033699455,0.0,0.05618775896785477
PTC,0.8237914110274251,-0.043328735168610695,1.381163562656901,0.1538213993930718,0.0,-2.3154476379087874
PSA,0.45266189167174303,-0.01779240818650608,1.670337793824252,-0.3167229897559081,0.0,-1.7884842875535811
PHM,-0.7735474259962073,-0.12747339341837582,-0.6759092577882165,0.07804541984180753,0.0,1.4988846573609922
QRVO,-0.5264104024301786,-0.12155298025409561,-0.42918420344570946,0.05237936225186315,0.0,1.0247682238781204
PWR,0.5153827870692383,-0.06622295922987727,-0.6072321098237664,0.07315664696753241,0.0,0.08491563501687291
QCOM,-0.17836281373582766,-0.02109406097196015,0.4173339195989044,0.060934714781844604,0.0,-0.27881175967296123
DGX,-0.32582791789038756,-0.12486223134501397,-0.6257547144520088,0.24793027722286778,0.0,0.8285145864645427
RL,-0.3469675853853354,-0.09747939552706675,-0.6509006698246987,-0.01850784442512602,0.0,1.113855495162227
RJF,-0.5224891170990572,-0.12628863146897806,-0.5109995593671348,-0.04417390201507038,0.0,1.2039512099502405
RTX,-0.19069444628821813,-0.12814096208669934,-0.5703548243075649,0.057268135126138264,0.0,0.831922097556344
O,0.9426979820257532,-0.1453919562985074,1.6489842379009676,0.04382400972188171,0.0,-2.490114273350095
REG,0.6155344567476583,-0.13853898722997285,0.925015435377577,-0.8239331754619513,0.0,-0.5780777294333111
REGN,0.043450747534857316,-0.10145971617865894,0.9912595818685134,0.12082218249171478,0.0,-1.0540727957164264
RF,-0.7480340305841281,-0.14585738754971467,-0.3806007256260033,-1.6183587675316577,0.0,2.8928509112915037
RSG,0.5507706817603896,-0.07620578310394772,-0.09123306174883454,0.27726291446851853,0.0,-0.6605947513761259
RMD,0.3787331288499251,-0.05244220337244402,0.6800843964298228,0.11837779605457721,0.0,-1.1247531179618808
RVTY,0.09360013524648644,-0.13718498777639357,0.1817392377267488,0.18315403663872254,0.0,-0.3213084218355642
RHI,-0.14268538090014116,-0.08701798434822672,-0.7538740706342362,-2.412784359601364,0.0,3.396361795483968
ROK,0.1659242666505656,-0.024011764634774328,-0.20559504221210273,0.6720313240662341,0.0,-0.6083487838699226
ROL,1.4850417782813117,0.14637869520458835,0.6951216246959109,0.2882626534356375,0.0,-2.6148047516174486
ROP,0.5172760498630522,-0.11234060369217452,1.193476185347019,0.31392871102558184,0.0,-1.9123403425434784
ROST,0.021346801533735648,-0.017066087112481934,-0.5141907289817265,0.03771304362903781,0.0,0.472196970931435
RCL,-0.6071570178026114,-0.04989966074495451,-0.4399752150759664,-0.0955060171949591,0.0,1.1925379108184915
SPGI,0.5361100492932717,-0.09977106694685925,1.6138158801498101,0.130599728240265,0.0,-2.1807545907364876
CRM,0.42157410227388403,-0.0896798262389227,0.9160635437506682,0.07071226053039484,0.0,-1.3186700803160245
SBAC,0.23491358266311693,-0.16546052017675164,0.9145161810400001,-0.02217442408083236,0.0,-0.961794819445533
SLB,-0.5731280900278614,-0.11087043752431676,-0.5491196092196676,-0.06983995960501474,0.0,1.3029580963768606
STX,-0.21584869163857448,-0.16546052017675164,-0.2630073698493133,-0.09061724432068399,0.0,0.7349338259853234
SRE,-0.3311648780423928,-0.13692649055598372,-0.16601368221538235,0.18559842307586008,0.0,0.44850662773789884
NOW,1.896051881292134,0.15042823997200724,3.048803662587857,0.14771043330022793,0.0,-5.242994217152226
SHW,0.317189916428179,0.20147618884950963,-0.20001355101967822,0.14648824008165912,0.0,-0.46514079433966954
SPG,0.21870523593700267,0.09241229293872194,1.3463352832629252,0.1611545587044845,0.0,-1.8186073708431343
SWKS,-0.39843147348309804,-0.1269735465047525,-0.23388775536590747,-0.02706319695510748,0.0,0.7863559723088656
SJM,-0.6007673692195472,-0.13908892884903373,-0.6842085552536833,0.053601555470431925,0.0,1.3704632978518325
SNA,-0.4249921167154743,-0.11883402394504168,-0.34147832914515913,0.3151509042441506,0.0,0.5701535655615245
SOLV,-0.6427945528260421,-0.16546052017675164,-0.7279562648118818,-0.14928251881198537,0.0,1.6854938566266608
SO,-0.10357910775872917,-0.12105352939114322,-0.2064022736767375,0.18193184342015373,0.0,0.24910306740645616
LUV,-0.35965721710101833,-0.1388083571006942,-0.8985299688903717,0.02060233856907489,0.0,1.3763932045230094
SWK,-0.24285420942788788,-0.14000189083902564,-0.8346710471317552,0.02426891822478123,0.0,1.1932582291738876
SBUX,-0.05692614947883229,-0.16546052017675164,-0.4557007154220892,0.1648211383601908,0.0,0.5132662467174822
STT,-0.7681058387141605,-0.1480079557315042,-0.5664912174727854,0.02060233856907489,0.0,1.4620026733493754
STLD,-0.47466715989520475,-0.12747426375194895,-0.7729522561653895,-0.23850262376750625,0.0,1.6135963035800496
STE,0.2175417822509396,-0.10609928843448538,0.05412338060371726,0.15748797904877812,0.0,-0.3230538534689496
SYK,0.35297588247342876,-0.05707451795897992,0.4518473079596428,0.1550435926116406,0.0,-0.9027922650857322
SMCI,0.4299301131389515,0.0008766788642057115,0.03539823822124502,-0.07472873247928986,0.0,-0.39147629774511244
SYF,-0.8692530704106368,-0.145014255975342,-0.5492671703198662,-0.09183943753925276,0.0,1.655373934245098
SNPS,1.157565557387232,0.04574314873209055,2.436113100540417,0.12815534180312746,0.0,-3.767577148462867
SYY,-0.2516150575347964,0.12834385152150765,-0.9330674113928964,0.11226682996173334,0.0,0.9440717874444517
TMUS,-0.36006114757439917,-0.1147676315406463,-0.447374127565355,-0.0612846070750333,0.0,0.9834875137554338
TROW,-0.4634208245627364,-0.1219912209154143,-0.08625685807405928,2.143551959223044,0.0,-1.4718830556708342
TTWO,-0.2645279286702783,-0.09284863906580407,0.1149134075561227,-0.09183943753925276,0.0,0.33430259771921245
TPR,-0.734774006631168,-0.10834330664639187,-0.6938397128840889,-0.03806293592222649,0.0,1.5750199620838752
TRGP,-0.33151928500755384,-0.007886724552166277,-0.6520724247114039,-0.09183943753925276,0.0,1.0833178718103769
TGT,-0.32612484968544586,-0.07575611401750774,-0.882308268365764,-0.03561854948508893,0.0,1.3198077815538065
TEL,-0.118789241912826,-0.1047885693330305,-0.3302211293442209,0.19782035526154784,0.0,0.35597858532852955
TDY,-0.0766021183002072,-0.131785301382301,-0.2017391053875616,0.2711519483756746,0.0,0.13897457669439517
TFX,-0.3877987762683241,-0.12835923653135783,-0.2078810269087252,0.12815534180312746,0.0,0.5958836979052796
TER,0.5410671432118056,-0.03622755641808122,0.8634971038400863,0.5278125242751183,0.0,-1.8961492149089292
TSLA,2.3517587640081743,-0.02219169992294672,0.42499972370261946,0.4031488159811027,0.0,-3.1577156037689496
TXN,0.7509794381916718,0.004850281322935674,1.5619152713538236,0.31270651780701303,0.0,-2.6304515086754443
TXT,-0.48643411982676027,-0.12538975454029513,-0.7479438166536829,-0.014841264769419679,0.0,1.374608955790158
TMO,0.31951626578894515,-0.0840916327641784,0.27018074023506355,0.3579276668940579,0.0,-0.8635330401538881
TJX,0.1563868759844878,0.08827507917711092,-0.53463580930523,0.130599728240265,0.0,0.1593741259033663
TSCO,0.3554525461443549,0.0710506399183122,-0.5328596328697736,0.3505945075826452,0.0,-0.24423806077553878
TT,0.5630578826582223,0.010785744412710763,-0.04319529278660364,0.1379328875516777,0.0,-0.6685812218360072
TDG,0.9619686253453463,-0.16546052017675164,1.3960282899185315,0.0841563859346514,0.0,-2.2766927810217776
TRV,-0.6559878944214557,-0.1326880442870803,-0.762702945193709,-0.05761802741932695,0.0,1.6089969113215719
TRMB,-0.08223545223591044,-0.11293584503283005,-0.15385253459490036,0.10737805708745822,0.0,0.2416457747761826
TFC,-0.6838134796560357,-0.1487447664438741,-0.4171492398646327,-1.3201436222008758,0.0,2.5698511081654183
TYL,1.880183084478715,-0.05354185680338638,1.5260641589816089,0.46059189725383537,0.0,-3.813297283910773
TSN,-0.2458549155174829,-0.14613329796093968,-0.9525853458271805,-0.09672821041352789,0.0,1.441301769719131
USB,-0.7142314461673681,-0.14385139416119166,-0.41709366940335746,0.07193445374896362,0.0,1.2032420559829535
UBER,0.8038182314053118,0.036485635432390036,-0.17315122054942242,0.057268135126138264,0.0,-0.7244207814144177
UDR,4.357928390675281,-0.11067999908545502,1.1553510386489727,0.4190373278224969,0.0,-5.821636758061294
ULTA,-0.4360048196665595,-0.027396962923896113,-0.6271762395108309,0.12204437571028358,0.0,0.9685336463910028
UNP,-0.046635582979294765,-0.009966724001653719,0.4818593157632976,0.11959998927314602,0.0,-0.5448569980554951
UAL,-1.0647670680141095,-0.13339335022797352,-0.97137243715041,-0.12728304087774736,0.0,2.2968158962702403
UPS,-0.3288720442389498,-0.042470656348546736,-0.700914876715513,0.06826787409325728,0.0,1.0039897032097522
URI,-0.38627812556029856,-0.07351423415325659,-0.2686606374923876,0.11715560283600845,0.0,0.6112973943699344
UNH,-0.2096835031251594,-0.07471465232794175,-0.7381334529453533,0.02915769109905635,0.0,0.9933739172993981
UHS,-0.5691640470762628,-0.13447891696776879,-0.8521990914291764,-0.058840220637895735,0.0,1.6146822761111037
VLO,-0.5917678317533036,-0.131495842126519,-0.9522036613757511,-0.261724294920313,0.0,1.937191630175887
VTR,9.273223770757527,-0.13117285872979004,0.008453418027974124,-5.1859407725339235,0.0,-3.964563557521787
VLTO,0.5172770961343527,-0.16546052017675164,0.1414108187328121,0.4031488159811027,0.0,-0.8963762106715158
VRSN,-0.01095982417768866,-0.16546052017675164,1.728140228078973,0.18070965020158497,0.0,-1.7324295339261178
VRSK,0.9903193690213158,1.909943763625175,2.1961293666482176,0.21493106032151077,0.0,-5.311323559616219
VZ,-0.7945875233390655,-0.13632691547568224,-0.7417043622926495,0.8076947713273686,0.0,0.8649240297800287
VRTX,0.31654757560114305,-0.06440483728512676,1.7379657586139996,0.09026735202749529,0.0,-2.0803758489575115
VTRS,-1.107561635818324,-0.15482629399898662,-0.8425686933772042,-0.34972220665726517,0.0,2.4546788298517797
VICI,-0.6116368027538953,-0.14513771458551222,1.0744373790279569,0.08171199949751384,0.0,-0.39937486118606313
V,0.35968401604033984,0.06922882313047127,3.1003928937101346,0.10737805708745822,0.0,-3.6366837899684037
VST,-0.254474586750255,0.0026885780868921745,-0.4497364659768019,-0.13339400697059126,0.0,0.8349164816107559
VMC,0.4068517398000418,-0.09088768299493326,0.051182401774707065,0.08293419271608261,0.0,-0.4500806512958982
WRB,-0.5315004425552854,-0.12286150559339801,-0.6517574347102923,0.02915769109905635,0.0,1.2769616917599196
GWW,0.14399741950489459,0.07098903203616941,-0.3613421958863744,-0.04417390201507038,0.0,0.19052964636038078
WAB,0.04918808083782182,-0.1190998929234127,-0.31691239974026886,0.057268135126138264,0.0,0.3295560766997215
WBA,-0.9827071938308197,-0.14650309356906824,-1.0261147179363947,-0.23972481698607503,0.0,2.395049822322358
WMT,0.3399060008914642,-0.06108306903720163,-0.8568228160721525,0.26137440262712436,0.0,0.3166254815907656
DIS,-0.07364158902854837,-0.13450094260055387,-0.5308670136937841,-0.0026193325837319047,0.0,0.7416288779066182
WBD,-9.419222825171913,-0.15817380162890987,-0.9325344644427792,-0.12361646122204102,0.0,10.633547552465643
WM,0.4401115186661456,0.028886221678169507,-0.0437607952188874,0.20637570779152933,0.0,-0.6316126529169571
WAT,0.5161443330731014,0.10837168442075902,0.7431916571850801,0.5241459446194118,0.0,-1.8918536192983524
WEC,-0.24754917750995734,-0.12912668494130766,-0.2836985832755625,0.17093210445303472,0.0,0.4894423412737927
WFC,-0.6174258916105204,-0.14398669354553562,-0.3740088961494385,0.07315664696753241,0.0,1.0622648343379621
WELL,2.768108686979222,-0.1300479509566836,1.1071234987882634,-0.44871985736133624,0.0,-3.2964643774494657
WST,1.344137213688884,-0.007611982734896179,1.1465681346669934,0.6622537783176838,0.0,-3.145347143938665
WDC,-0.7544597406513467,-0.12760980598217755,-0.563919289846083,0.35548328045692035,0.0,1.0905055560226868
WRK,-0.3417711394689762,-0.1433370791742937,-0.8790741961777744,-0.3130564101002018,0.0,1.677238824921246
WY,0.27181306037769015,-0.12861806786858884,-0.3121121856875113,0.5962553445149698,0.0,-0.4273381513365597
WMB,0.023253735605874824,-0.09941238194541237,0.17239963945327513,1.2489065232306977,0.0,-1.3451475163444353
WTW,-0.4120831516595141,-0.12027063011551314,-0.37330837679499096,0.03037988431762513,0.0,0.875282274252393
WYNN,-0.29717598758273855,-0.16546052017675164,-0.6679568922052089,0.1024892842131831,0.0,1.028104115751516
XEL,-0.38197502095594515,-0.1372875958670862,-0.49885605277020106,0.13548850111454014,0.0,0.8826301684786921
XYL,0.7167390938628174,-0.10989846887387256,0.028595236043440216,0.19659816204297909,0.0,-0.8320340230753641
YUM,0.1608990953460847,-0.16546052017675164,0.3513806644317501,0.1257109553659899,0.0,-0.47253019496707305
ZBRA,0.1073189840403894,-0.08142553373622957,-0.12409294435399322,0.02060233856907489,0.0,0.07759715548075849
ZBH,-0.4254193441631445,-0.13347848808351565,-0.2321019790466687,0.11104463674316453,0.0,0.6799551745501643
ZTS,0.5121445773944487,0.09083148846759702,1.1969613390314564,0.2369305382557488,0.0,-2.036867943149251
